probe_id,fsetid,atom,x,y,man_fsetid,type,start,stop,feature_type,P_SKMel29_AdDNp73beta_1.CEL,P_SKMel29_AdDNp73beta_2.CEL,P_SKMel29_AdDNp73beta_3.CEL,P_SKMel29_AdGFP_1.CEL,P_SKMel29_AdGFP_2.CEL,P_SKMel29_AdGFP_3.CEL,P_SKMel29_AdTAp73alpha_1.CEL,P_SKMel29_AdTAp73alpha_2.CEL,P_SKMel29_AdTAp73alpha_3.CEL,log2_P_SKMel29_AdDNp73beta_1.CEL,log2_P_SKMel29_AdDNp73beta_2.CEL,log2_P_SKMel29_AdDNp73beta_3.CEL,log2_P_SKMel29_AdGFP_1.CEL,log2_P_SKMel29_AdGFP_2.CEL,log2_P_SKMel29_AdGFP_3.CEL,log2_P_SKMel29_AdTAp73alpha_1.CEL,log2_P_SKMel29_AdTAp73alpha_2.CEL,log2_P_SKMel29_AdTAp73alpha_3.CEL,GFP_mean_log2,GFP_sd_log2,DNp73beta_mean_log2,DNp73beta_sd_log2,TAp73alpha_mean_log2,TAp73alpha_sd_log2,log2FC_TAp73alpha_vs_GFP,log2FC_DNp73beta_vs_GFP,log2FC_TAp73alpha_vs_DNp73beta,region_midpoint,probe_plot_x
2516992,24336467,5584387,471,939,PSR1600155075.hg.1,2,31180110.0,31180137.0,probeset_region,958.7778,1155.8889,1197.1111,1726.6666,986.7778,1251.2222,1241.1111,1607.2222,1887.2222,9.906556589570785,10.17603462879012,10.226545959803651,10.754609143685107,9.948042692369857,10.29027483111142,10.278578486519192,10.651251006158137,10.882812806655174,10.330975555722127,0.40482066626433055,10.103045726054852,0.17202858543678248,10.6042140997775,0.3048509985697005,0.2732385440553742,-0.22792982966727493,0.5011683737226491,31180123.5,31180114.05
2923065,24336467,5584388,1864,1090,PSR1600155075.hg.1,2,31180110.0,31180137.0,probeset_region,71.22222,76.55556,98.111115,90.44444,93.0,60.22222,76.77778,126.666664,105.44444,6.174370889539828,6.277158256305706,6.630974947836241,6.5148235922311,6.554588851677638,5.9359834871526385,6.281286126114145,6.996238052465185,6.733956821314975,6.33513197702046,0.3462440709781667,6.3608346978939245,0.23952688089406257,6.670493666631436,0.36167629622364816,0.3353616896109761,0.025702720873464813,0.3096589687375113,31180123.5,31180120.35
4267186,24336467,5584389,625,1592,PSR1600155075.hg.1,2,31180110.0,31180137.0,probeset_region,1495.0,1743.7778,1934.2222,2141.0,1294.0,1835.1111,1961.3334,2721.5557,2344.111,10.546894459887637,10.768827629961006,10.918283485258026,11.064742764750257,10.338736382573916,10.842437628525703,10.938354441506698,11.41074583055412,11.195440547069131,10.748638925283293,0.37198113431686686,10.744668525035555,0.18686946996363807,11.18151360637665,0.23650343733089182,0.4328746810933559,-0.003970400247737871,0.4368450813410938,31180123.5,31180126.65
6608377,24336467,5584390,2176,2465,PSR1600155075.hg.1,2,31180110.0,31180137.0,probeset_region,266.55554,171.33333,311.8889,288.1111,342.66666,300.44446,250.66667,562.55554,587.44446,8.063694602181908,7.429057927013934,8.289506601560198,8.175480262196144,8.424866073943209,8.235748395753019,7.975370362648609,9.138413993975044,9.200762438618348,8.278698243964124,0.13012239573264583,7.927419710252013,0.44611782637548114,8.771515598414,0.6901863947234167,0.4928173544498762,-0.3512785337121107,0.8440958881619869,31180123.5,31180132.95
920559,24336468,5584391,1318,343,PSR1600155082.hg.1,2,31180175.0,31180214.0,probeset_region,432.66666,417.8889,546.1111,274.66666,367.44446,497.1111,297.55554,346.33334,309.77777,8.760442712155317,8.710423795035316,9.095689973510773,8.10678096521244,8.525303343162676,8.96032379242938,8.221855539029269,8.440177103810287,8.279739505551893,8.530802700268167,0.42679798695612636,8.85551882690047,0.20949250049952967,8.313924049463816,0.11310399503977617,-0.21687865080435031,0.3247161266323033,-0.5415947774366536,31180194.5,31180180.85
1852263,24336468,5584392,382,691,PSR1600155082.hg.1,2,31180175.0,31180214.0,probeset_region,241.44444,317.8889,257.66666,196.44444,185.11111,347.77777,259.55554,221.88889,257.55554,7.921510374792486,8.316910004780125,8.014950284729426,7.625302952198195,7.540020405075294,8.446164284087837,8.025447130860112,7.800180867221933,8.0143304182818,7.870495880453777,0.5003637291190121,8.084456888100679,0.20666057384694064,7.946652805454614,0.12697014153676517,0.07615692500083782,0.21396100764690207,-0.13780408264606425,31180194.5,31180186.31
2741800,24336468,5584393,159,1023,PSR1600155082.hg.1,2,31180175.0,31180214.0,probeset_region,246.22223,235.77777,221.88889,175.11111,251.44444,230.11111,204.77777,209.22223,195.44444,7.949664658874143,7.887389835019359,7.800180867221933,7.460342151362097,7.979822108373206,7.852442832753238,7.6849433342719635,7.715771418437842,7.617977545497887,7.7642023641628475,0.27074829945330176,7.879078453705145,0.07508768398474593,7.672897432735898,0.04999738197157406,-0.09130493142694984,0.11487608954229778,-0.20618102096924762,31180194.5,31180191.77
5909390,24336468,5584394,2669,2204,PSR1600155082.hg.1,2,31180175.0,31180214.0,probeset_region,144.44444,141.44444,154.44444,156.55556,158.22223,160.33333,174.77777,177.22223,204.77777,7.184324363685679,7.1542555280049935,7.280255229987073,7.299716831321731,7.314897954267925,7.333900691070422,7.457608827369848,7.4775334799098125,7.6849433342719635,7.316171825553359,0.017127496252180047,7.206278373892583,0.06580626982299503,7.5400285471838755,0.12589467654471806,0.22385672163051673,-0.10989345166077591,0.33375017329129264,31180194.5,31180197.23
6181261,24336468,5584395,1180,2306,PSR1600155082.hg.1,2,31180175.0,31180214.0,probeset_region,374.33334,438.33334,353.33334,384.77777,391.55554,474.0,428.22223,272.77777,278.55554,8.552028650459924,8.779172187691719,8.468963422228159,8.59162620564067,8.616752982601117,8.89178370321831,8.745580983584109,8.096861503515933,8.126991135440857,8.700054297153365,0.1665171540491168,8.600054753459935,0.16058408846966193,8.323144540846966,0.3661507337071592,-0.37690975630639834,-0.09999954369343023,-0.2769102126129681,31180194.5,31180202.69
6876329,24336468,5584396,2128,2565,PSR1600155082.hg.1,2,31180175.0,31180214.0,probeset_region,195.44444,171.44444,212.77777,175.44444,203.0,229.77777,200.11111,211.44444,158.66667,7.617977545497887,7.429987826560679,7.739968036561036,7.463070181838064,7.672425341971495,7.850360457006997,7.651849004852873,7.730941795024953,7.318919390972809,7.661951993605519,0.19385744138310324,7.5959778028732,0.15615672945675663,7.567236730283544,0.21865507795629535,-0.09471526332197477,-0.06597419073231858,-0.02874107258965619,31180194.5,31180208.15
5639214,24336469,5584397,493,2104,PSR1600155084.hg.1,2,31182398.0,31182422.0,probeset_region,1089.6666,1057.3334,1310.7778,1260.6666,1068.2222,1196.5555,784.6667,1064.7778,1362.3334,10.090994478397171,10.047578431293523,10.357307684673298,10.301115037623473,10.062345938772706,10.225876853607646,9.617773579887992,10.057691015412374,10.412922670166692,10.19644594333461,0.12207499539679101,10.165293531454664,0.16770007323709887,10.029462421822352,0.39832544365733674,-0.16698352151225748,-0.031152411879945774,-0.1358311096323117,31182410.0,31182401.6
1254265,24336470,5584398,24,468,PSR1600155085.hg.1,2,31182513.0,31182664.0,probeset_region,1297.1111,1527.4445,1323.0,1119.0,1441.5555,1797.2222,1670.4445,1393.4445,1445.3334,10.342198129829772,10.57784841188691,10.370687406807217,10.129283016944967,10.494411151965473,10.81235555958897,10.706879699750196,10.445474756315873,10.498184410683333,10.478683242833137,0.34180776757234804,10.430244649507966,0.12861983799938922,10.550179622249802,0.13824168196443776,0.07149637941666498,-0.0484385933251712,0.11993497274183618,31182588.5,31182535.65
1755471,24336470,5584399,70,655,PSR1600155085.hg.1,2,31182513.0,31182664.0,probeset_region,1296.2222,1679.0,1634.7778,1419.4445,1484.7778,2367.2222,1604.8889,1491.3334,1540.3334,10.341209867704519,10.714245517666123,10.675761102384293,10.472126705261497,10.537002690855388,11.20958871427419,10.649156385577037,10.54335414151905,10.589963219865645,10.739572703463692,0.4083362721953019,10.577072162584978,0.2051670762198547,10.594157915653911,0.05302570429983486,-0.14541478780978068,-0.1625005408787139,0.01708575306893323,31182588.5,31182556.79
2208829,24336470,5584400,508,824,PSR1600155085.hg.1,2,31182513.0,31182664.0,probeset_region,1462.4445,1723.5555,1646.5555,1536.6666,1393.4445,1760.4445,1640.1111,1529.0,1450.5555,10.515152276956576,10.752008878445672,10.686111386499974,10.586527038167556,10.445474756315873,10.782543269049315,10.68045718036282,10.579315937580015,10.503384060638806,10.604848354510914,0.1692794982964525,10.651090847300742,0.12225011673448381,10.587719059527215,0.08883513818328512,-0.01712929498369853,0.04624249278982795,-0.06337178777352648,31182588.5,31182577.93
3987612,24336470,5584401,2451,1487,PSR1600155085.hg.1,2,31182513.0,31182664.0,probeset_region,492.8889,501.8889,460.44446,443.33334,410.22223,579.2222,437.77777,537.2222,532.55554,8.948042692369857,8.974095858096883,8.850013197388028,8.795498597396742,8.683774442650158,9.180461757732866,8.777346628719956,9.0720581664302,9.059494650113752,8.886578265926588,0.2605689961519739,8.924050582618257,0.06542814891082284,8.969633148421304,0.16664345090552077,0.08305488249471615,0.037472316691669505,0.04558256580304665,31182588.5,31182599.07
4147142,24336470,5584402,1181,1547,PSR1600155085.hg.1,2,31182513.0,31182664.0,probeset_region,1140.0,1498.1111,1384.2222,974.1111,1058.3334,1483.0,1227.6666,1000.55554,1068.8889,10.156083076288681,10.549891575469939,10.435901665212462,9.929422768826369,10.04894096404279,10.535275376620802,10.262877807131414,9.968026713735634,10.063245297519526,10.171213036496654,0.32090059265986276,10.38062543899036,0.20263977742749925,10.098049939462191,0.15047529413408547,-0.07316309703446322,0.2094124024937063,-0.2825754995281695,31182588.5,31182620.21
5640917,24336470,5584403,2196,2104,PSR1600155085.hg.1,2,31182513.0,31182664.0,probeset_region,235.11111,336.33334,414.55554,256.8889,198.0,393.0,211.0,218.55556,259.44446,7.8833221451889655,8.398031117478647,8.698897506244387,8.01060578693295,7.636624620543649,8.622051819456376,7.727920454563199,7.778442241282942,8.024831928112286,8.089760742310991,0.4974593664912949,8.326750256304,0.41243364710886515,7.8437315413194755,0.15885882193229944,-0.24602920099151593,0.23698951399300938,-0.4830187149845253,31182588.5,31182641.35
1720984,24336471,5584404,423,642,PSR1600155086.hg.1,2,31182665.0,31183350.0,probeset_region,103.888885,208.88889,144.33333,76.77778,119.77778,170.66667,160.22223,130.44444,124.44444,6.712718001280165,7.7134819616387205,7.1832217735654496,6.281286126114145,6.91621123371093,7.423466164094626,7.332906863310246,7.03830933828904,6.970904749832212,6.873654507973234,0.5722780058410499,7.203140578828112,0.5006792338318556,7.114040317143832,0.19251693018893054,0.24038580917059793,0.3294860708548777,-0.08910026168427976,31183007.5,31182767.75
2559461,24336471,5584405,60,955,PSR1600155086.hg.1,2,31182665.0,31183350.0,probeset_region,62.666668,88.55556,67.77778,57.444443,89.44444,60.22222,79.333336,74.77778,93.44444,5.99246635612844,6.484711054398036,6.103870615553681,5.868993945998698,6.49895995577998,5.9359834871526385,6.327926881180546,6.2437029437209945,6.561394003684188,6.101312462977106,0.3459978989174832,6.193682675360052,0.2581198661642085,6.377674609528576,0.16458441527670958,0.2763621465514703,0.09237021238294663,0.18399193416852366,31183007.5,31182863.65
4192799,24336471,5584406,1278,1564,PSR1600155086.hg.1,2,31182665.0,31183350.0,probeset_region,177.44444,210.55556,235.77777,141.0,189.0,276.66666,150.88889,118.666664,122.55556,7.479331162367792,7.72489277342749,7.887389835019359,7.149747119504682,7.569855608330948,8.117210131790179,7.246872493956316,6.902877502442035,6.949016091077759,7.612270953208603,0.48512417600646285,7.6972045902715465,0.20543355786335743,7.032922029158702,0.18671714806267783,-0.579348924049901,0.08493363706294321,-0.6642825611128442,31183007.5,31182959.55
5011647,24336471,5584407,46,1870,PSR1600155086.hg.1,2,31182665.0,31183350.0,probeset_region,192.66667,141.22223,195.44444,178.88889,190.33333,268.8889,233.66667,143.44444,259.44446,7.597431890572837,7.152003162238109,7.617977545497887,7.490962241665962,7.579944387602999,8.076221755067756,7.874469149185714,7.174370889539828,8.024831928112286,7.715709461445573,0.3153669148205561,7.455804199436277,0.26329989296634193,7.691223988945943,0.4538778316859181,-0.024485472499629957,-0.25990526200929587,0.2354197895096659,31183007.5,31183055.45
5758352,24336471,5584408,1711,2148,PSR1600155086.hg.1,2,31182665.0,31183350.0,probeset_region,78.0,112.77778,96.666664,52.333332,72.333336,109.888885,40.88889,59.333332,75.888885,6.303780748177103,6.830075009306603,6.609794316134915,5.736965559769676,6.196397262834819,6.792970959779157,5.388495726424349,5.914883355956277,6.264703162570771,6.242111260794551,0.5294848235968553,6.581216691206207,0.26430838580980753,5.856027414983799,0.4410588216217746,-0.3860838458107514,0.3391054304116565,-0.7251892762224079,31183007.5,31183151.35
6861698,24336471,5584409,897,2560,PSR1600155086.hg.1,2,31182665.0,31183350.0,probeset_region,99.666664,118.333336,161.33333,99.77778,98.22222,124.77778,54.11111,70.44444,87.0,6.653442202157268,6.898853307288602,7.342815416158353,6.6550337512217,6.632591351353166,6.974733251112971,5.784271297848908,6.1587498916495855,6.459431618637297,6.754119451229279,0.19138639411490577,6.965036975201407,0.3494196123135347,6.1341509360452635,0.33825167575991083,-0.6199685151840155,0.21091752397212815,-0.8308860391561437,31183007.5,31183247.25
4321247,24336472,5584410,1086,1612,PSR1600155087.hg.1,2,31183550.0,31183857.0,probeset_region,36.333332,31.0,39.77778,35.11111,67.44444,33.666668,47.11111,26.333334,29.222221,5.222392372198547,5.0,5.349711281392425,5.174370889539828,6.0968615035159335,5.115477270337673,5.588298200574378,4.772589537454517,4.91753779934152,5.462236554464479,0.5503896202369769,5.190701217863658,0.1769964463784268,5.092808512456806,0.4351838955305598,-0.369428042007673,-0.2715353366008211,-0.09789270540685191,31183703.5,31183596.05
4377131,24336472,5584411,690,1633,PSR1600155087.hg.1,2,31183550.0,31183857.0,probeset_region,660.8889,415.33334,506.1111,649.7778,655.44446,384.8889,502.66666,592.8889,625.8889,9.37044530142841,8.701595296137048,8.986158084493074,9.346021162633038,9.35852913913125,8.592041681262682,8.976325415305645,9.214049297062727,9.292066011571558,9.098863994342322,0.43896555120597835,9.019399560686177,0.3356617779837108,9.160813574646644,0.1644644722682085,0.06194958030432218,-0.07946443365614542,0.1414140139604676,31183703.5,31183639.03
4398691,24336472,5584412,810,1641,PSR1600155087.hg.1,2,31183550.0,31183857.0,probeset_region,91.111115,167.88889,149.77777,88.77778,74.55556,124.44444,66.888885,74.111115,92.55556,6.525303343162675,7.399930577923136,7.236279939086992,6.48828649493187,6.239465967068594,6.970904749832212,6.085103496318218,6.230954499969395,6.547751447768714,6.566219070610892,0.371894861481919,7.053837953390935,0.464980653957477,6.2879364813521095,0.23652904979528463,-0.27828258925878213,0.4876188827800432,-0.7659014720388253,31183703.5,31183682.01
4665513,24336472,5584413,2312,1740,PSR1600155087.hg.1,2,31183550.0,31183857.0,probeset_region,60.22222,107.111115,100.0,86.111115,62.77778,85.22222,47.22222,50.88889,52.88889,5.9359834871526385,6.756371038588088,6.658211482751795,6.444784898830495,5.994981944409141,6.429987826560679,5.59162620564067,5.697353750052028,5.751915946979486,6.289918223266771,0.2555294401370007,6.450188669497507,0.4480112183452935,5.680298634224061,0.0814945275864902,-0.6096195890427101,0.1602704462307356,-0.7698900352734457,31183703.5,31183724.99
5041195,24336472,5584414,114,1881,PSR1600155087.hg.1,2,31183550.0,31183857.0,probeset_region,44.22222,49.333332,84.44444,32.333332,42.444443,65.22222,43.333332,39.555557,65.111115,5.49895995577998,5.653442202157268,6.416914757893013,5.058893634019119,5.441099739563813,6.049243500551913,5.470319893400748,5.34182771263679,6.046820930748888,5.516412291378281,0.4994518994667915,5.85643897194342,0.4914936633246693,5.6196561789288095,0.37547284059902647,0.10324388755052816,0.3400266805651384,-0.23678279301461025,31183703.5,31183767.97
5527678,24336472,5584415,1517,2062,PSR1600155087.hg.1,2,31183550.0,31183857.0,probeset_region,91.111115,172.55556,194.77777,85.333336,102.888885,205.44444,132.0,97.111115,169.55556,6.525303343162675,7.439253750792996,7.613073157503573,6.4318458294630405,6.698897506244388,7.6896097730922355,7.05528243550119,6.616344676067488,7.414097953156453,6.940117702933222,0.6626710510814289,7.1925434171530815,0.5843460308681373,7.028575021575044,0.3995466646657343,0.08845731864182227,0.2524257142198598,-0.16396839557803755,31183703.5,31183810.95
136792,24336473,5584416,111,51,PSR1600155089.hg.1,2,31183861.0,31184002.0,probeset_region,410.1111,429.22223,419.8889,365.77777,463.77777,467.22223,428.33334,373.33334,359.1111,8.683384565860703,8.748938258573789,8.71729560240317,8.518762395104938,8.860397260151013,8.871049618270845,8.745954411576347,8.548179750884751,8.492298317460088,8.750069757842265,0.20038884755831965,8.716539475612555,0.032783386842622816,8.595477493307063,0.13327850857983295,-0.1545922645352018,-0.03353028222971055,-0.12106198230549126,31183931.5,31183882.15
1064433,24336473,5584417,472,397,PSR1600155089.hg.1,2,31183861.0,31184002.0,probeset_region,1015.0,1707.0,1791.8889,1365.2222,1372.2222,1809.6666,1406.7778,1477.0,1620.7778,9.988684686772165,10.73809225962049,10.808070388998889,10.415976390958205,10.423349336729405,10.822305231102693,10.459203958184986,10.52943055414615,10.66336048240477,10.553876986263434,0.23249490758498317,10.511615778463847,0.4542212342473834,10.550664998245303,0.10372149154117354,-0.0032119880181316063,-0.0422612077995872,0.03904921978145559,31183931.5,31183901.89
1109871,24336473,5584418,350,414,PSR1600155089.hg.1,2,31183861.0,31184002.0,probeset_region,1200.4445,1428.7778,1423.8889,1038.1111,1185.1111,1412.1111,1573.8889,1174.4445,1083.0,10.230554239822464,10.481575273954048,10.476633736177961,10.021134175426761,10.212023414958011,10.464659164356743,10.621034357106268,10.198990655171684,10.08214904135387,10.232605584913838,0.22247769155895825,10.39625441665149,0.14352183161378715,10.300724684543942,0.28348140226940216,0.06811909963010443,0.16364883173765143,-0.095529732107547,31183931.5,31183921.63
1113574,24336473,5584419,1373,415,PSR1600155089.hg.1,2,31183861.0,31184002.0,probeset_region,2059.4443,2302.7778,2185.889,2011.1111,1864.5555,2185.3333,2059.0,1852.5555,1889.6666,11.008739773589078,11.169785879879297,11.094664224580074,10.97449423985001,10.865389597893085,11.094297605295303,11.00842862207058,10.85607963097973,10.884679285469305,10.978060481012799,0.11449566594520887,11.091063292682817,0.08058341715704741,10.916395846173204,0.08097536007183367,-0.06166463483959461,0.11300281167001813,-0.17466744650961274,31183931.5,31183941.37
1723257,24336473,5584420,16,643,PSR1600155089.hg.1,2,31183861.0,31184002.0,probeset_region,1180.3334,1444.3334,1231.1111,1237.8889,1092.7778,1663.2222,1249.4445,1405.2222,1237.3334,10.206200437526366,10.497186581248544,10.266916616254019,10.274831119841997,10.095104012576282,10.700632325852393,10.288225262263923,10.457608827369848,10.27418404210998,10.356855819423556,0.3109858084396084,10.323434545009643,0.1535055085744329,10.340006043914583,0.10208868680305479,-0.016849775508973153,-0.03342127441391263,0.016571498904939475,31183931.5,31183961.11
3470714,24336473,5584421,113,1295,PSR1600155089.hg.1,2,31183861.0,31184002.0,probeset_region,2173.5557,2530.2222,2302.3333,1784.7778,2196.7778,2818.111,2397.6667,2030.0,2109.3333,11.086504923902826,11.305618424493195,11.169507443581892,10.802336891121302,11.10182983981796,11.461024611508307,11.228017019477027,10.987974524296153,11.043255123868022,11.121730447482522,0.3297944873496549,11.187210263992638,0.11062424654257659,11.0864155558804,0.12570686950913404,-0.035314891602121534,0.06547981651011625,-0.10079470811223779,31183931.5,31183980.85
64317,24336474,5584422,2676,23,PSR1600155090.hg.1,2,31184209.0,31184298.0,probeset_region,2092.2222,2222.4443,2495.3333,1871.5555,1973.4445,2506.889,2017.1111,1828.4445,1962.6666,11.031509727462893,11.118580571846605,11.285594826573549,10.870792795852552,10.947231069384264,11.292257731740397,10.978789872338593,10.837189900736433,10.939334307046673,11.036760532325738,0.22454357393761684,11.14522837529435,0.1291216034169345,10.918438026707234,0.07307618550835467,-0.11832250561850444,0.10846784296861145,-0.2267903485871159,31184253.5,31184222.35
218747,24336474,5584423,1666,81,PSR1600155090.hg.1,2,31184209.0,31184298.0,probeset_region,689.44446,649.44446,970.55554,688.2222,713.3333,885.44446,863.7778,739.44446,646.7778,9.43138155302041,9.34528205905018,9.924152664088897,9.42882542232501,9.480453592865741,9.791886428719335,9.756185629029215,9.53224771035034,9.339355151541753,9.567055147970029,0.19641332847053888,9.56693875871983,0.3123373358361891,9.542596163640436,0.20860783687275358,-0.024458984329593036,-0.00011638925019852309,-0.024342595079394513,31184253.5,31184234.81
905096,24336474,5584424,1935,337,PSR1600155090.hg.1,2,31184209.0,31184298.0,probeset_region,1979.2222,2271.3333,1734.8889,1783.4445,1747.1111,2214.3333,1889.3334,1845.4445,1807.3334,10.951446584990169,11.149958715316144,10.761458913642057,10.801259281928132,10.771581148689036,11.113308023973513,10.884424971297719,10.850534150854758,10.820444953960763,10.895382818196893,0.1893112368105121,10.954288071316123,0.19426548717825973,10.851801358704412,0.03200882716392405,-0.043581459492481045,0.05890525311922978,-0.10248671261171083,31184253.5,31184247.27
2969078,24336474,5584425,2317,1107,PSR1600155090.hg.1,2,31184209.0,31184298.0,probeset_region,656.2222,654.44446,737.44446,603.3333,470.44446,655.44446,459.33334,693.6667,629.7778,9.360237466671586,9.35632972224054,9.5283456027484,9.239200660454266,8.880944003354488,9.35852913913125,8.84653513541782,9.440177103810287,9.300988009321712,9.159557934313334,0.24855404512720475,9.414970930553508,0.09820478520983035,9.19590008284994,0.310459821678785,0.036342148536606445,0.25541299624017455,-0.2190708477035681,31184253.5,31184259.73
4218434,24336474,5584426,113,1574,PSR1600155090.hg.1,2,31184209.0,31184298.0,probeset_region,2010.8889,2021.1111,1726.8889,1513.3334,1903.2222,2297.111,2040.6666,1650.0,1962.0,10.974334935363386,10.981646538041183,10.754794755945445,10.564467128100771,10.89498609415262,11.16623282000036,10.995531599303447,10.689124404913258,10.938844457466171,10.875228680751249,0.30136896576303623,10.903592076450005,0.12891410638650794,10.874500153894294,0.16302295619062185,-0.0007285268569550141,0.028363395698756122,-0.029091922555711136,31184253.5,31184272.19
6559340,24336474,5584427,1379,2447,PSR1600155090.hg.1,2,31184209.0,31184298.0,probeset_region,1209.3334,1167.7778,1198.2222,938.8889,904.3333,1279.8889,950.0,772.44446,1036.2222,10.241188762580904,10.190785004875517,10.227883241942239,9.876346446795358,9.822305231102693,10.32292964928591,9.893301530860564,9.59515388347393,10.018509230208911,10.007193775727986,0.27476711891513533,10.21995233646622,0.02612104791079433,9.83565488151447,0.21748514785588868,-0.17153889421351565,0.21275856073823363,-0.3842974549517493,31184253.5,31184284.65
700742,24336475,5584428,1261,261,PSR1600155091.hg.1,2,31184299.0,31184369.0,probeset_region,1432.7778,1484.1111,2105.111,1398.7778,1395.3334,1882.6666,1642.4445,1348.7778,1442.7778,10.485605776304226,10.536355131054876,11.040365816033765,10.450982150359911,10.447427710186483,10.879327941965172,10.682506984456813,10.39850624971337,10.495633042616888,10.592579267503856,0.24833799596563624,10.687442241130954,0.3066922913011279,10.525548758929023,0.14434443839495548,-0.06703050857483284,0.09486297362709806,-0.1618934822019309,31184334.0,31184309.5
803518,24336475,5584429,2197,299,PSR1600155091.hg.1,2,31184299.0,31184369.0,probeset_region,64.44444,61.11111,74.44444,71.22222,89.111115,46.11111,64.77778,77.111115,59.444443,6.0321987850133105,5.956779461555717,6.2373427303815365,6.174370889539828,6.493633157062948,5.557995440141064,6.039528382779356,6.287455940258328,5.91753779934152,6.075333162247947,0.4756162716960542,6.075440325650188,0.14519404285660376,6.081507374126402,0.1884981021939563,0.006174211878454905,0.00010716340224092846,0.0060670484762139765,31184334.0,31184319.3
3503870,24336475,5584430,1109,1307,PSR1600155091.hg.1,2,31184299.0,31184369.0,probeset_region,1732.2222,1936.4445,1951.3334,1542.0,1680.4445,1986.7778,1732.8889,1514.2222,1486.8889,10.759240878619712,10.91993923695593,10.930983708456695,10.591522346570734,10.715485408765883,10.956940804873199,10.759795757935262,10.565313627619455,10.53905110526418,10.754649520069938,0.185830657125553,10.870054608010777,0.09612625579856038,10.621386830272966,0.12058276602643249,-0.13326268979697176,0.11540508794083948,-0.24866777773781124,31184334.0,31184329.1
4040636,24336475,5584431,1875,1507,PSR1600155091.hg.1,2,31184299.0,31184369.0,probeset_region,125.77778,105.44444,133.22223,114.55556,100.333336,148.11111,95.55556,113.0,111.77778,6.9861580844930735,6.733956821314975,7.068479810776074,6.852442832753238,6.662965048929303,7.220243987565292,6.5932873907044,6.832890014164741,6.817339021474452,6.911883956415944,0.28335470571092936,6.9295315721947075,0.17430240687037377,6.747838808781197,0.13407111532904942,-0.16404514763474687,0.01764761577876328,-0.18169276341351015,31184334.0,31184338.9
4200753,24336475,5584432,1192,1567,PSR1600155091.hg.1,2,31184299.0,31184369.0,probeset_region,91.888885,74.111115,44.666668,71.55556,88.55556,85.22222,102.22222,69.888885,66.0,6.537434077974026,6.230954499969395,5.5130696224105,6.181014213815878,6.484711054398036,6.429987826560679,6.6896097730922355,6.147487543313843,6.066089190457772,6.365237698258198,0.1618714832244612,6.093819400117973,0.5257710159032487,6.3010621689546165,0.338944469600454,-0.06417552930358195,-0.2714182981402251,0.20724276883664317,31184334.0,31184348.7
5803387,24336475,5584433,1186,2165,PSR1600155091.hg.1,2,31184299.0,31184369.0,probeset_region,1631.7778,2084.7778,1945.8889,1429.8889,1482.0,2083.3333,1338.2222,1618.7778,1625.4445,10.673112785033839,11.026369781112104,10.926954854963082,10.482695960546408,10.53430288245463,11.025370244861739,10.387179598602264,10.661580231965207,10.66750584081004,10.68078969595426,0.29952902131720927,10.875479140369675,0.18216733574995356,10.572088557125836,0.1601632617573387,-0.10870113882842425,0.19468944441541502,-0.3033905832438393,31184334.0,31184358.5
504988,24336476,5584434,1147,188,PSR1600155095.hg.1,2,31184939.0,31185022.0,probeset_region,486.55554,687.55554,741.55554,555.8889,610.7778,835.44446,484.66666,542.3333,461.0,8.929422768826369,9.42742922311067,9.536355131054876,9.12124576815498,9.256863877160674,9.70812593468025,8.923822631125402,9.085693694375738,8.851749041416058,9.362078526665302,0.3072615731229152,9.297735707663971,0.3235846551395186,8.953755122305731,0.11981022779087659,-0.40832340435957093,-0.06434281900133065,-0.3439805853582403,31184980.5,31184951.45
1277056,24336476,5584435,1375,476,PSR1600155095.hg.1,2,31184939.0,31185022.0,probeset_region,2167.4443,3592.3333,3512.0,2129.889,2221.3333,3229.889,2497.111,2193.3333,2359.889,11.082444694292594,11.811107024245198,11.778487861222372,11.05723967154595,11.117859458225443,11.657715433572893,11.286621915631242,11.099566928192777,11.205114446481254,11.277604854448095,0.3305778711683655,11.557346526586722,0.41160030999297964,11.197101096768426,0.09378460647470968,-0.08050375767966855,0.279741672138627,-0.36024542981829555,31184980.5,31184963.07
2145618,24336476,5584436,1617,800,PSR1600155095.hg.1,2,31184939.0,31185022.0,probeset_region,1189.0,1629.4445,1708.4445,1181.0,984.55554,1392.5555,1072.4445,1101.4445,1111.0,10.216745858195306,10.671049580381085,10.739311833225473,10.207014320177532,9.94479336789152,10.444554788761378,10.068031830092872,10.106490258199836,10.118941072723507,10.198787492276809,0.2499822593114275,10.542369090600621,0.2840559819866716,10.097821053672071,0.026538727864469314,-0.10096643860473797,0.3435815983238122,-0.44454803692855016,31184980.5,31184974.69
3291571,24336476,5584437,530,1228,PSR1600155095.hg.1,2,31184939.0,31185022.0,probeset_region,2303.4443,3297.0,3578.3333,2250.6667,2303.5557,3282.111,2582.111,2249.7778,2044.0,11.170203204327615,11.687375683437468,11.80547515603807,11.136777605634077,11.170272899503956,11.680847848950728,11.334893971039959,11.136207944099608,10.997885127829111,11.329299451362921,0.3049101352247478,11.554351347934386,0.337881959468881,11.156329014322893,0.16940302004620877,-0.17297043704002846,0.22505189657146474,-0.3980223336114932,31184980.5,31184986.31
6285672,24336476,5584438,1071,2345,PSR1600155095.hg.1,2,31184939.0,31185022.0,probeset_region,2490.7778,3066.889,3289.6667,1922.0,1974.2222,2887.889,2336.4443,2171.7778,2280.3333,11.282959727456099,11.583030530470747,11.684164214106996,10.909143047339898,10.947799217749504,11.496299014907807,11.190716293631077,11.085324950201565,11.155661492304132,11.117747093332403,0.3284048459965343,11.516718157344613,0.2086606291311735,11.143900912045593,0.05367091627206014,0.026153818713190446,0.39897106401221016,-0.3728172452990197,31184980.5,31184997.93
6747184,24336476,5584439,1623,2517,PSR1600155095.hg.1,2,31184939.0,31185022.0,probeset_region,576.55554,748.44446,824.0,483.8889,447.8889,528.2222,317.1111,383.44446,446.22223,9.173815883149505,9.549677752503063,9.688250309133178,8.921510374792486,8.810214565298935,9.047729850409032,8.313386968935161,8.586631371980685,8.804848088324077,8.926484930166817,0.11883575773357083,9.470581314928582,0.2661820420070034,8.56828880974664,0.24624346724275523,-0.35819612042017646,0.5440963847617653,-0.9022925051819417,31184980.5,31185009.55
538347,24336477,5584440,2346,200,PSR1600155096.hg.1,2,31185023.0,31185079.0,probeset_region,1711.2222,2320.2222,2333.6667,2085.7778,1750.6666,2422.889,2213.6667,1766.7778,2069.5557,10.7416541942466,11.180668896654044,11.189000918000874,11.027061297383982,10.774512514615495,11.243107867967343,11.112873910254535,10.787721258052711,11.01580227277797,11.014893893322272,0.2345345083072776,11.037108002967173,0.2559044166491673,10.972132480361738,0.1669171946976334,-0.04276141296053382,0.022214109644901114,-0.06497552260543493,31185051.0,31185031.4
2067759,24336477,5584441,1478,771,PSR1600155096.hg.1,2,31185023.0,31185079.0,probeset_region,1861.1111,1994.1111,2168.6667,1604.8889,1695.7778,2264.6667,1915.5555,1660.7778,1591.4445,10.862723423903118,10.96225335985748,11.083257752280577,10.649156385577037,10.7285819623243,11.14571995857563,10.904300092868658,10.698511801516748,10.637027339056328,10.841152768825657,0.2667357969312636,10.969411512013727,0.11044128238545234,10.74661307781391,0.13997850127311917,-0.09453969101174664,0.12825874318806996,-0.2227984341998166,31185051.0,31185039.24
3465536,24336477,5584442,295,1293,PSR1600155096.hg.1,2,31185023.0,31185079.0,probeset_region,1115.0,1550.4445,1440.6666,1093.8889,1082.1111,1478.5555,1142.0,937.3333,1124.3334,10.124121311829187,10.599396333709828,10.493521875971163,10.096568790613778,10.080965498148439,10.53094814047249,10.158609688214478,9.873956674965754,10.136136740151382,10.236160809744902,0.25541249666385074,10.405679840503394,0.24951704150669105,10.056234367777204,0.15825652062762155,-0.17992644196769803,0.16951903075849195,-0.34944547272619,31185051.0,31185047.08
5135504,24336477,5584443,623,1916,PSR1600155096.hg.1,2,31185023.0,31185079.0,probeset_region,1403.2222,1390.3334,1341.5555,1316.7778,1184.2222,1530.0,1507.6666,1372.0,1545.7778,10.455555493288859,10.442252426630876,10.390766058905669,10.363891447387422,10.210941799974945,10.580258567499788,10.559058329634945,10.4231159101471,10.595050278059063,10.385030604954052,0.18556364590274646,10.429524659608468,0.034218631503260745,10.525741505947037,0.09068001308342402,0.14071090099298544,0.04449405465441636,0.09621684633856908,31185051.0,31185054.92
5354570,24336477,5584444,2609,1997,PSR1600155096.hg.1,2,31185023.0,31185079.0,probeset_region,1554.6666,1671.4445,1821.7778,1512.7778,1471.0,1760.6666,1913.8889,1574.7778,1612.4445,10.603317213507776,10.707742584325691,10.831923014904094,10.563937769942111,10.523561956057012,10.782725222226233,10.903044987537283,10.62184842908791,10.655928199310063,10.62340831607512,0.13944159718639648,10.714327604245852,0.11444507404657009,10.726940538645087,0.1534598982611329,0.1035322225699673,0.09091928817073303,0.012612934399234277,31185051.0,31185062.76
5451903,24336477,5584445,782,2034,PSR1600155096.hg.1,2,31185023.0,31185079.0,probeset_region,855.7778,918.55554,1021.2222,1073.8889,845.3333,997.7778,861.44446,1083.4445,1001.44446,9.742777239786191,9.844792907138064,9.997493153960633,10.06997185741253,9.725082144245325,9.964019902480006,9.752287739031905,10.082740449052018,9.969306588797128,9.919691301379286,0.17666634432964026,9.86168776696163,0.12819565690683074,9.934778258960351,0.16791040039526206,0.015086957581065263,-0.058003534417656155,0.07309049199872142,31185051.0,31185070.6
93868,24336478,5584446,67,35,PSR1600155097.hg.1,2,31185080.0,31185179.0,probeset_region,2038.6666,2902.4443,3033.111,2095.4443,2054.3333,3078.0,2217.5557,2257.6667,2081.2222,10.994117654332715,11.50354966000225,11.567058190741312,11.033728809416841,11.00515661626301,11.588246152044817,11.11540503581863,11.141255710591631,11.023908293514005,11.209043859241556,0.3287094107351396,11.354908501692092,0.3140634649603191,11.093523013308088,0.061658099675237256,-0.11552084593346734,0.14586464245053676,-0.2613854883840041,31185129.5,31185094.85
2100241,24336478,5584447,1800,783,PSR1600155097.hg.1,2,31185080.0,31185179.0,probeset_region,1723.4445,2355.111,2260.7778,1839.5555,1593.0,2235.6667,1711.5555,1552.1111,1600.3334,10.751915946979487,11.20219184443123,11.143241509140944,10.845925570894599,10.638435913990472,11.127134602858263,10.741935063308844,10.600945304717019,10.64505797164356,10.870498695914444,0.24527429743086646,11.032449766850554,0.24473087989932593,10.662646113223142,0.07212166838137363,-0.20785258269130225,0.1619510709361105,-0.36980365362741274,31185129.5,31185108.71
3008698,24336478,5584448,1737,1122,PSR1600155097.hg.1,2,31185080.0,31185179.0,probeset_region,302.77777,575.0,429.33334,354.22223,290.55554,362.22223,306.44446,214.88889,301.22223,8.246872493956316,9.169925001442312,8.749310818689487,8.472578054881254,8.187626936060589,8.504708687261362,8.264181990814274,7.7541451614834545,8.239465967068593,8.38830455940107,0.17453287875490345,8.722036104696038,0.4621303013346071,8.085931039788774,0.2876006297621294,-0.30237351961229564,0.3337315452949685,-0.6361050649072642,31185129.5,31185122.57
3574714,24336478,5584449,2273,1333,PSR1600155097.hg.1,2,31185080.0,31185179.0,probeset_region,2167.6667,2814.4443,2852.5557,2025.0,1884.5555,2923.7778,2296.889,1857.0,2119.3333,11.082592660457765,11.45914691235516,11.478544990477802,10.984418458801137,10.880773932609975,11.514111325494907,11.166093341920721,10.859534786382653,11.050075315090224,11.126434572302008,0.33971384381121367,11.340094854430243,0.22321426093373312,11.0252344811312,0.1547815792245044,-0.10120009117080819,0.2136602821282345,-0.3148603732990427,31185129.5,31185136.43
3960929,24336478,5584450,2568,1477,PSR1600155097.hg.1,2,31185080.0,31185179.0,probeset_region,1459.6666,1886.1111,1759.3334,1329.2222,1236.1111,1977.2222,1499.4445,1200.7778,1535.5555,10.512411228079602,10.881963633724695,10.781632958698177,10.377451503215081,10.272759334788846,10.949988744443514,10.55117420030621,10.230954499969394,10.58548420174489,10.533399860815814,0.36455429774462556,10.72533594016749,0.19110013304836332,10.455870967340166,0.19553735454022778,-0.07752889347564818,0.19193607935167556,-0.26946497282732373,31185129.5,31185150.29
5155695,24336478,5584451,2054,1923,PSR1600155097.hg.1,2,31185080.0,31185179.0,probeset_region,1767.4445,2265.0,2154.0,1540.3334,1601.7778,2218.0,1638.8889,1667.1111,1910.2222,10.788265193316406,11.145932145820515,11.07347215397646,10.589963219865645,10.646358745812622,11.115693952197011,10.679382376492537,10.703999649570072,10.90027977726147,10.784005305958425,0.28863148194436117,11.002556497704461,0.18908512621769216,10.761220601108027,0.12105615799206339,-0.022784704850398185,0.21855119174603566,-0.24133589659643384,31185129.5,31185164.15
572070,24336479,5584452,1229,213,PSR1600155098.hg.1,2,31185180.0,31185498.0,probeset_region,86.111115,115.44444,72.888885,81.333336,78.666664,106.0,71.22222,70.55556,83.55556,6.444784898830495,6.863497979089623,6.207285462739383,6.363404775425827,6.31590426120566,6.741466986401147,6.174370889539828,6.160991910855191,6.40182767098867,6.473592007677545,0.23319911638430998,6.5051894468865,0.3322502802452787,6.245730157127897,0.1353498232093295,-0.22786185054964747,0.03159743920895508,-0.25945928975860255,31185339.0,31185227.7
2355408,24336479,5584453,2367,878,PSR1600155098.hg.1,2,31185180.0,31185498.0,probeset_region,214.88889,367.8889,297.77777,192.11111,297.22223,373.77777,249.88889,151.44444,154.22223,7.7541451614834545,8.527042511530661,8.222929005684142,7.5932873907044,8.220243987565292,8.549891575469939,7.970904749832212,7.2521397486854715,7.27819136699873,8.121140984579876,0.48594129838724437,8.16803889289942,0.3893613640163059,7.5004119551721375,0.4076668665399117,-0.6207290294077383,0.046897908319543546,-0.6676269377272819,31185339.0,31185272.22
4018917,24336479,5584454,1596,1499,PSR1600155098.hg.1,2,31185180.0,31185498.0,probeset_region,74.111115,73.22222,57.77778,72.333336,69.666664,52.555557,86.111115,39.444443,63.666668,6.230954499969395,6.21377927455436,5.877198931478688,6.196397262834819,6.142957901922752,5.74296438045939,6.444784898830495,5.337869578278967,6.014950369834244,6.0274398484056535,0.24780770815514752,6.1073109020008145,0.19946775760808155,5.932534948981235,0.55804086580976,-0.09490489942441815,0.079871053595161,-0.17477595301957916,31185339.0,31185316.74
5123593,24336479,5584455,2112,1911,PSR1600155098.hg.1,2,31185180.0,31185498.0,probeset_region,173.77777,116.44444,135.0,113.0,145.66667,122.111115,103.666664,98.333336,83.111115,7.449377897994277,6.875834639113711,7.087462841250339,6.832890014164741,7.196397262834819,6.943817204342939,6.709658213116682,6.634206056676876,6.394224546703997,6.9910348271141665,0.1862968273590478,7.137558459452776,0.29003473184111656,6.579362938832518,0.16471316024472607,-0.41167188828164836,0.1465236323386092,-0.5581955206202576,31185339.0,31185361.26
5611511,24336479,5584456,2270,2093,PSR1600155098.hg.1,2,31185180.0,31185498.0,probeset_region,106.22222,137.44444,124.666664,63.555557,96.77778,133.66667,40.88889,86.111115,89.111115,6.7444601193070275,7.113163333914129,6.973458183351514,6.012469389851681,6.611434724590176,7.07324903652019,5.388495726424349,6.444784898830495,6.493633157062948,6.565717716987348,0.5318654889017141,6.943693878857556,0.18614497168043356,6.108971260772598,0.6244279660448286,-0.4567464562147503,0.3779761618702082,-0.8347226180849585,31185339.0,31185405.78
6712740,24336479,5584457,2019,2504,PSR1600155098.hg.1,2,31185180.0,31185498.0,probeset_region,136.22223,171.33333,186.44444,104.333336,117.111115,147.77777,103.888885,81.22222,76.0,7.100370396329416,7.429057927013934,7.550319243796184,6.7188182822878755,6.884000921507003,7.217015178120147,6.712718001280165,6.361456444199825,6.266786540694901,6.939944793971676,0.25376627909157956,7.3599158557131785,0.2328067027643047,6.44698699539163,0.23494749046394867,-0.4929577985800453,0.4199710617415029,-0.9129288603215482,31185339.0,31185450.3
431557,24336480,5584458,76,161,PSR1600155099.hg.1,2,31185499.0,31185556.0,probeset_region,82.22222,202.77777,185.55556,147.11111,163.33333,175.44444,158.55556,128.88889,95.44444,6.378896892320991,7.670852874140136,7.543461526605962,7.210536096675587,7.360481291004058,7.463070181838064,7.3179150477106685,7.021134175426761,6.59162620564067,7.344695856505903,0.12700492509715497,7.197737097689029,0.7119912922936781,6.9768918095927,0.3651601165650366,-0.36780404691320356,-0.14695875881687392,-0.22084528809632964,31185527.5,31185507.55
1174228,24336480,5584459,387,438,PSR1600155099.hg.1,2,31185499.0,31185556.0,probeset_region,178.77777,293.22223,290.22223,270.1111,275.8889,473.66666,238.44444,240.44444,186.33333,7.490070836565466,8.200762438618348,8.185976670482106,8.082740449052018,8.11316333391413,8.890770899327013,7.903547142318938,7.915547447608377,7.549463780329344,8.36222489409772,0.4579869514666501,7.958936648555306,0.40611699912034466,7.7895194567522195,0.20798088294094072,-0.5727054373455003,-0.4032882455424138,-0.16941719180308645,31185527.5,31185515.53
1718154,24336480,5584460,273,641,PSR1600155099.hg.1,2,31185499.0,31185556.0,probeset_region,70.0,77.111115,76.44444,61.22222,81.0,80.77778,62.22222,57.11111,44.77778,6.149747119504682,6.287455940258328,6.275089812842496,5.959357995847494,6.357552004618084,6.353636969569713,5.982359821519999,5.86074212428179,5.516575552456658,6.22351565667843,0.22877561978194152,6.237430957535168,0.07618774091435952,5.78655916608615,0.24159072786783442,-0.43695649059228003,0.013915300856738533,-0.45087179144901857,31185527.5,31185523.51
2037479,24336480,5584461,678,760,PSR1600155099.hg.1,2,31185499.0,31185556.0,probeset_region,175.22223,304.0,268.8889,192.88889,192.11111,230.88889,211.88889,151.33333,167.66667,7.461252109781915,8.252665432450248,8.076221755067756,7.599086294424009,7.5932873907044,7.857289862621424,7.733956821314975,7.251087806166717,7.398031117478646,7.683221182583278,0.15077578004691009,7.930046432433307,0.4154626102728101,7.461025248320112,0.24752134622677696,-0.22219593426316564,0.24682524985002896,-0.4690211841131946,31185527.5,31185531.49
2527293,24336480,5584462,52,943,PSR1600155099.hg.1,2,31185499.0,31185556.0,probeset_region,37.22222,65.22222,44.333332,35.88889,71.888885,44.77778,40.22222,27.222221,30.0,5.256339721263013,6.049243500551913,5.502500300062676,5.205114446481254,6.187626936060589,5.516575552456658,5.365350345510325,4.8187596419956416,4.954196310386875,5.6364389783328335,0.5021037031250873,5.602694507292536,0.40583649438470903,5.046102099297614,0.2846495298057736,-0.5903368790352195,-0.033744471040297874,-0.5565924079949216,31185527.5,31185539.47
5850337,24336480,5584463,2576,2182,PSR1600155099.hg.1,2,31185499.0,31185556.0,probeset_region,188.88889,355.33334,334.66666,210.55556,238.55556,342.44446,229.44444,182.88889,201.0,7.569011654471651,8.477083678185076,8.39088542356412,7.72489277342749,7.904216471520666,8.423932994391075,7.848275166756748,7.522690473649513,7.658211482751795,8.01768074644641,0.3630701225583333,8.145660252073617,0.5012486794118858,7.676392374386019,0.1635520000241349,-0.34128837206039186,0.12797950562720573,-0.4692678776875976,31185527.5,31185547.45
342759,24336481,5584464,2398,127,PSR1600155100.hg.1,2,31185557.0,31186757.0,probeset_region,86.888885,162.22223,177.0,135.33333,93.77778,118.333336,94.888885,66.333336,66.77778,6.457608827369848,7.350693739056184,7.475733430966398,7.09099447839717,6.566476942779717,6.898853307288602,6.583291696719772,6.07324903652019,6.082740449052017,6.852108242821829,0.26536481884672186,7.094678665797477,0.5552496874505234,6.246427060763993,0.2917719296748349,-0.605681182057836,0.24257042297564801,-0.8482516050334841,31186157.0,31185737.0
2036760,24336481,5584465,2639,759,PSR1600155100.hg.1,2,31185557.0,31186757.0,probeset_region,196.0,280.77777,222.55556,140.0,189.55556,251.88889,153.33333,144.33333,130.66667,7.622051819456376,8.138413993975044,7.804489599304457,7.139551352398794,7.5740678724538855,7.982359821519999,7.26990583499312,7.1832217735654496,7.040746398074395,7.565326348790893,0.4214722287204349,7.854985137578626,0.26185840325949133,7.1646246688776545,0.11570609797803791,-0.40070167991323835,0.2896587887877331,-0.6903604687009715,31186157.0,31185905.0
2363852,24336481,5584466,91,882,PSR1600155100.hg.1,2,31185557.0,31186757.0,probeset_region,138.33333,118.666664,129.44444,88.666664,137.33333,134.11111,123.333336,76.333336,87.333336,7.122396578695182,6.902877502442035,7.02729167291665,6.486499820917662,7.112004972467878,7.078002548208146,6.958069349043169,6.273018541849905,6.464886090264837,6.892169113864562,0.3517310373622338,7.017521918017955,0.11008515927609935,6.565324660385971,0.35339720129766006,-0.32684445347859103,0.12535280415339312,-0.45219725763198415,31186157.0,31186073.0
2501516,24336481,5584467,1075,933,PSR1600155100.hg.1,2,31185557.0,31186757.0,probeset_region,70.22222,151.0,124.44444,81.44444,99.888885,124.44444,67.55556,89.77778,69.44444,6.1542555280049935,7.247927513443585,6.970904749832212,6.365350345510325,6.656623437360101,6.970904749832212,6.09920171338584,6.504267280175696,6.138413993975045,6.664292844234212,0.30285004375063174,6.791029263760264,0.5685912378858055,6.24729432917886,0.2234070811215891,-0.4169985150553517,0.1267364195260523,-0.543734934581404,31186157.0,31186241.0
3461918,24336481,5584468,2037,1291,PSR1600155100.hg.1,2,31185557.0,31186757.0,probeset_region,239.66667,158.11111,185.11111,139.44444,189.88889,243.22223,196.66667,129.44444,150.66667,7.910892556656013,7.3138908065674455,7.540020405075294,7.133855729318825,7.576589294068934,7.932050709568391,7.626925830947577,7.02729167291665,7.244760282746834,7.54749857765205,0.39989187158547845,7.588267922766252,0.30141108079283946,7.299659262203687,0.3035633448366546,-0.24783931544836246,0.04076934511420216,-0.2886086605625646,31186157.0,31186409.0
6819305,24336481,5584469,1384,2544,PSR1600155100.hg.1,2,31185557.0,31186757.0,probeset_region,140.88889,189.33333,182.88889,163.77777,169.88889,199.77777,95.77778,74.333336,136.55556,7.148617773783075,7.572384396088657,7.522690473649513,7.364377821635974,7.416914757893013,7.649455740692282,6.596603919793624,6.235216510397082,7.103870615553681,7.476916106740423,0.15171511586193473,7.414564214507081,0.23165276489213935,6.645230348581463,0.43636382272576935,-0.8316857581589598,-0.06235189223334192,-0.7693338659256179,31186157.0,31186577.0
3077342,24336482,5584470,701,1148,PSR1600155101.hg.1,2,31186758.0,31186801.0,probeset_region,51.555557,96.666664,72.22222,53.88889,56.444443,69.0,44.22222,43.555557,52.444443,5.715771418437842,6.609794316134915,6.194209636863327,5.778442241282942,5.844095426292777,6.129283016944966,5.49895995577998,5.4775334799098125,5.739968036561036,5.917273561506896,0.18651700209858751,6.173258457145361,0.4473795361327433,5.5721538240836095,0.14572570431848286,-0.3451197374232864,0.2559848956384654,-0.6011046330617518,31186779.5,31186764.45
3436357,24336482,5584471,596,1282,PSR1600155101.hg.1,2,31186758.0,31186801.0,probeset_region,94.666664,93.55556,148.0,76.0,85.0,91.666664,43.0,52.0,69.55556,6.579944387602999,6.563090346111781,7.219168520462161,6.266786540694901,6.426264754702098,6.533978532409223,5.459431618637297,5.727920454563199,6.1406878148845845,6.409009942602073,0.13442911334425253,6.787401084725647,0.37401651514406503,5.77601329602836,0.343164963656658,-0.6329966465737131,0.37839114212357394,-1.011387788697287,31186779.5,31186770.47
4103385,24336482,5584472,304,1531,PSR1600155101.hg.1,2,31186758.0,31186801.0,probeset_region,177.33333,190.55556,132.44444,121.0,166.11111,283.33334,152.44444,110.333336,97.22222,7.478432539420101,7.581619070415799,7.06009541593378,6.930737337562887,7.384663879508968,8.15143948221209,7.261572586875276,6.798741824707655,6.617977545497887,7.488946899761316,0.6169964689708565,7.373382341923228,0.2761763721640019,6.892763985693605,0.3319394062005019,-0.5961829140677102,-0.11556455783808772,-0.48061835622962246,31186779.5,31186776.49
4140392,24336482,5584473,2471,1544,PSR1600155101.hg.1,2,31186758.0,31186801.0,probeset_region,172.55556,233.66667,196.44444,146.44444,212.55556,236.66667,86.111115,113.0,94.888885,7.439253750792996,7.874469149185714,7.625302952198195,7.204027637338748,7.738467630785017,7.892795796597597,6.444784898830495,6.832890014164741,6.583291696719772,7.611763688240454,0.36144268023361303,7.646341950725635,0.2183691606976849,6.620322203238335,0.19668461797232203,-0.9914414850021185,0.03457826248518092,-1.0260197474872994,31186779.5,31186782.51
4640188,24336482,5584474,1107,1731,PSR1600155101.hg.1,2,31186758.0,31186801.0,probeset_region,60.22222,165.11111,94.0,81.666664,82.666664,99.22222,47.22222,57.77778,40.22222,5.9359834871526385,7.376004797093027,6.569855608330948,6.369233765283099,6.3865810093774655,6.647058609610308,5.59162620564067,5.877198931478688,5.365350345510325,6.4676244614236245,0.15563640920757615,6.6272812975255375,0.721726143080056,5.611391827543227,0.2564961083454277,-0.8562326338803974,0.15965683610191306,-1.0158894699823104,31186779.5,31186788.53
5540169,24336482,5584475,608,2067,PSR1600155101.hg.1,2,31186758.0,31186801.0,probeset_region,82.666664,82.44444,75.111115,47.77778,57.11111,96.77778,46.11111,50.88889,61.333332,6.3865810093774655,6.3827440667593365,6.2500352406793835,5.608152153165687,5.86074212428179,6.611434724590176,5.557995440141064,5.697353750052028,5.961931929736294,6.026776334012552,0.5218424078509936,6.339786772272062,0.07775077877158114,5.7390937066431285,0.2051775813503989,-0.2876826273694233,0.3130104382595107,-0.600693065628934,31186779.5,31186794.55
592653,24336483,5584476,372,221,PSR1600155102.hg.1,2,31186802.0,31186836.0,probeset_region,1847.7778,2957.5557,3084.4443,1761.4445,1867.5555,2937.111,2109.4443,2024.2222,1677.1111,10.852356150894462,11.530677323745774,11.59126255202479,10.783362077538458,10.867707732494077,11.520673226942863,11.043331062630527,10.983864465768226,10.71262250402086,11.0572476789918,0.4035479850622239,11.324765342221676,0.41023831550603507,10.913272677473204,0.1762936133710966,-0.1439750015185961,0.26751766322987613,-0.41149266474847224,31186819.0,31186807.1
3325435,24336483,5584477,2234,1240,PSR1600155102.hg.1,2,31186802.0,31186836.0,probeset_region,2257.5557,3554.2222,3047.3333,1824.0,2019.5555,3087.7778,2270.0,1650.0,1924.2222,11.141184755345778,11.795724002203483,11.573804915399835,10.833680748654741,10.980536294216298,11.59282038995797,11.149111990706889,10.689124404913258,10.910809225083772,11.135679144276336,0.40264777000880336,11.503571224316365,0.3328738273605621,10.916348540234639,0.23004381708778568,-0.2193306040416978,0.36789208004002916,-0.587222684081727,31186819.0,31186811.86
3636589,24336483,5584478,2508,1356,PSR1600155102.hg.1,2,31186802.0,31186836.0,probeset_region,2429.2222,3318.6667,3168.5557,1965.0,2035.3334,3156.3333,2241.0,2156.2222,2114.111,11.246872493956316,11.696822705429632,11.630064889637245,10.94104760634058,10.991758053187086,11.624490827722354,11.130570562805426,11.074959049070193,11.046517719215318,11.185765495750006,0.3807923647350718,11.524586696341066,0.24281275738105357,11.084015777030311,0.04275205690845162,-0.10174971871969518,0.3388212005910596,-0.44057091931075476,31186819.0,31186816.62
4479372,24336483,5584479,1091,1671,PSR1600155102.hg.1,2,31186802.0,31186836.0,probeset_region,2403.6667,3205.7778,3156.111,2169.5557,2068.3333,3248.4443,2304.889,2157.4443,2126.7778,11.231621255890985,11.646908690911413,11.624389307902133,11.083848705749626,11.014950284729426,11.665977319010569,11.171107298877482,11.075776172317871,11.055131807042796,11.25492543649654,0.3576443564401852,11.50097308490151,0.2335371201677927,11.100671759412718,0.061866156896740195,-0.15425367708382254,0.24604764840496962,-0.40030132548879216,31186819.0,31186821.38
5908979,24336483,5584480,2258,2204,PSR1600155102.hg.1,2,31186802.0,31186836.0,probeset_region,1724.1111,2376.111,2432.0,1363.0,1327.4445,2210.889,1284.4445,1314.0,1493.6666,10.752473548091153,11.214993607617986,11.24852060493843,10.413627929024173,10.375522194965644,11.11106321800254,10.328051559642825,10.360847084179664,10.545608022809017,10.633404447330784,0.4141031727018928,11.071995920215855,0.2772217967683622,10.411502222210503,0.11729092429952993,-0.22190222512028157,0.4385914728850704,-0.660493698005352,31186819.0,31186826.14
6563879,24336483,5584481,558,2449,PSR1600155102.hg.1,2,31186802.0,31186836.0,probeset_region,2495.889,2983.111,3300.5557,2137.889,2085.2222,3049.7778,2253.889,1913.4445,2349.4443,11.285915923357834,11.543085525794945,11.688930254583617,11.062645842211843,11.0266770875627,11.574961406467487,11.138840647517105,10.902710089891137,11.198717799178915,11.221428112080678,0.30669656096498055,11.505977234578799,0.2040536859531778,11.08008951219572,0.15650531273925908,-0.14133859988495878,0.28454912249812025,-0.42588772238307904,31186819.0,31186830.9
2971530,24336484,5584482,2089,1108,PSR1600155103.hg.1,2,31186837.0,31187245.0,probeset_region,198.88889,302.55554,326.77777,204.66667,192.11111,346.22223,189.55556,185.11111,87.55556,7.643054445335818,8.245816702385758,8.35657420784506,7.684164214106996,7.5932873907044,8.439715501172136,7.5740678724538855,7.540020405075294,6.4685109401689616,7.905722368661178,0.4646785431183439,8.081815118522213,0.3839921906824735,7.194199739232714,0.6286954607150168,-0.7115226294284636,0.17609274986103518,-0.8876153792894987,31187041.0,31186898.2
3795613,24336484,5584483,732,1416,PSR1600155103.hg.1,2,31186837.0,31187245.0,probeset_region,149.0,202.33333,146.44444,133.22223,100.22222,158.0,119.55556,151.66667,126.22222,7.22881869049588,7.667702895640929,7.204027637338748,7.068479810776074,6.661382230277533,7.312882955284356,6.913554346178727,7.254241335440807,6.9912068719289895,7.014248332112654,0.32911865433247584,7.366849741158519,0.2608411671892925,7.0530008511828415,0.17855189180497152,0.0387525190701874,0.3526014090458647,-0.3138488899756773,31187041.0,31186955.32
4105623,24336484,5584484,2542,1531,PSR1600155103.hg.1,2,31186837.0,31187245.0,probeset_region,91.888885,91.77778,69.55556,77.0,54.333332,83.55556,71.888885,68.55556,58.77778,6.537434077974026,6.535707399101006,6.1406878148845845,6.285402218862249,5.790076897472486,6.40182767098867,6.187626936060589,6.120093880656087,5.901537381573214,6.1591022624411345,0.3248438262740942,6.404609763986539,0.22856474305612734,6.069752732763297,0.14954090301676326,-0.08934952967783705,0.24550750154540424,-0.3348570312232413,31187041.0,31187012.44
5585314,24336484,5584485,193,2084,PSR1600155103.hg.1,2,31186837.0,31187245.0,probeset_region,124.0,79.22222,117.666664,86.111115,126.22222,166.11111,106.44444,74.111115,101.111115,6.965784284662087,6.325930010199859,6.890770899327012,6.444784898830495,6.9912068719289895,7.384663879508968,6.747447055269504,6.230954499969395,6.673996097754837,6.940218550089484,0.4720095139966016,6.727495064729653,0.34978224906289074,6.550799217664579,0.2794176862120381,-0.3894193324249047,-0.212723485359831,-0.17669584706507369,31187041.0,31187069.56
5953444,24336484,5584486,1163,2221,PSR1600155103.hg.1,2,31186837.0,31187245.0,probeset_region,115.44444,149.0,149.0,146.77777,214.0,277.77777,107.77778,110.77778,131.33333,6.863497979089623,7.22881869049588,7.22881869049588,7.207285462739383,7.7481928495894605,8.122971718871158,6.765240059404375,6.804489599304457,7.048032640971475,7.692816677066666,0.4603479339365086,7.107045120027128,0.21091801107094812,6.872587433226769,0.1532021451743719,-0.820229243839897,-0.5857715570395383,-0.23445768680035872,31187041.0,31187126.68
6181891,24336484,5584487,1810,2306,PSR1600155103.hg.1,2,31186837.0,31187245.0,probeset_region,227.66667,230.88889,274.33334,252.44444,226.22223,348.66666,197.0,164.55556,216.33333,7.837102297541713,7.857289862621424,8.105035524000417,7.985525720218892,7.827960169445535,8.44983641988513,7.6293566200796095,7.37117162868156,7.763765619746456,8.087774103183186,0.32330104636284795,7.933142561387851,0.1492054871402377,7.588097956169208,0.19952247609184182,-0.4996761470139779,-0.154631541795335,-0.3450446052186429,31187041.0,31187183.8
832787,24336485,5584488,1986,310,PSR1600155104.hg.1,2,31187246.0,31188151.0,probeset_region,96.333336,146.33333,113.55556,74.111115,83.333336,118.333336,45.11111,89.55556,88.44444,6.604862095853688,7.202940008865344,6.839903637277668,6.230954499969395,6.398031117478646,6.898853307288602,5.527042511530662,6.500731274686899,6.482919944213357,6.509279641578881,0.34756924459805844,6.882568580665566,0.3013129943328263,6.170231243476973,0.5570889691515502,-0.3390483981019079,0.37328893908668537,-0.7123373371885933,31187698.5,31187381.75
908080,24336485,5584489,2239,338,PSR1600155104.hg.1,2,31187246.0,31188151.0,probeset_region,60.444443,71.55556,80.55556,44.22222,47.77778,87.333336,68.55556,50.11111,57.11111,5.941210628984475,6.181014213815878,6.349711281392425,5.49895995577998,5.608152153165687,6.464886090264837,6.120093880656087,5.675565037538052,5.86074212428179,5.8573327330701686,0.5289816115625995,6.157312041397593,0.20527917694554357,5.8854670141586425,0.22329344644554958,0.028134281088473934,0.2999793083274245,-0.27184502723895054,31187698.5,31187508.45
2719387,24336485,5584490,1866,1014,PSR1600155104.hg.1,2,31187246.0,31188151.0,probeset_region,238.55556,246.88889,263.1111,194.77777,224.66667,314.22223,159.0,180.77777,175.33333,7.904216471520666,7.953549777067377,8.045001205022444,7.613073157503573,7.818049555370501,8.300225464870156,7.321928094887363,7.506031977676014,7.4621613697789195,7.91044939258141,0.35277169786882934,7.967589151203495,0.07143467866794202,7.430040480780765,0.09616326505993948,-0.4804089118006445,0.057139758622085424,-0.5375486704227299,31187698.5,31187635.15
3118639,24336485,5584491,1798,1163,PSR1600155104.hg.1,2,31187246.0,31188151.0,probeset_region,282.44446,469.55554,411.1111,234.88889,212.33333,534.6667,307.77777,315.22223,205.55556,8.146922251195923,8.878221211192777,8.686889562931164,7.881963633724696,7.736965559769676,9.065191767748658,8.270425086072349,8.304794976024127,7.690386065318901,8.228040320414342,0.7286103346049382,8.570677675106621,0.37924720747413315,8.088535375805126,0.3452353942085261,-0.13950494460921625,0.34263735469227896,-0.4821422993014952,31187698.5,31187761.85
3877520,24336485,5584492,2239,1446,PSR1600155104.hg.1,2,31187246.0,31188151.0,probeset_region,174.33333,310.77777,273.33334,132.22223,145.55556,377.0,126.22222,146.33333,120.111115,7.453956446719854,8.284374260796575,8.099786173196895,7.057691015412374,7.195303864498982,8.562242424221072,6.9912068719289895,7.202940008865344,6.920187458614231,7.605079101377476,0.8317785426459251,7.946038960237774,0.4360356529041093,7.038111446469522,0.1470961607350723,-0.5669676549079545,0.3409598588602982,-0.9079275137682528,31187698.5,31187888.55
3958498,24336485,5584493,137,1477,PSR1600155104.hg.1,2,31187246.0,31188151.0,probeset_region,285.44446,295.66666,264.66666,275.1111,374.55554,394.55554,316.55554,291.0,249.11111,8.162111615232073,8.212698975663436,8.053473358027711,8.109105152724663,8.552882477623614,8.62773647494228,8.310865138033407,8.189824558880018,7.966425359570954,8.429908035096853,0.28033310049363475,8.14276131630774,0.08135738982548113,8.155705018828128,0.17473636572514106,-0.274203016268725,-0.28714671878911346,0.012943702520388456,31187698.5,31188015.25
132957,24336486,5584494,1636,49,PSR1600155105.hg.1,2,31188152.0,31188324.0,probeset_region,126.111115,188.66667,261.77777,117.666664,151.77777,306.1111,132.44444,92.0,109.888885,6.989946373821705,7.567322380273965,8.037699429551838,6.890770899327012,7.255290837816985,8.262616914874874,7.06009541593378,6.539158811108031,6.792970959779157,7.469559550672957,0.7105798220997783,7.531656061215837,0.5247863195476087,6.79740839560699,0.2604966500540637,-0.6721511550659676,0.06209651054287946,-0.734247665608847,31188238.0,31188177.8
3762359,24336486,5584495,2318,1403,PSR1600155105.hg.1,2,31188152.0,31188324.0,probeset_region,113.55556,219.44444,237.33333,98.666664,160.22223,269.55554,123.55556,81.77778,76.77778,6.839903637277668,7.784271297848908,7.896836900156092,6.639039136664608,7.332906863310246,8.079780983202859,6.96064558100074,6.37117162868156,6.281286126114145,7.350575661059238,0.7205334183103748,7.5070039450942225,0.5804609110202009,6.537701111932148,0.3690275990081693,-0.8128745491270895,0.15642828403498488,-0.9693028331620743,31188238.0,31188201.88
4719508,24336486,5584496,27,1761,PSR1600155105.hg.1,2,31188152.0,31188324.0,probeset_region,223.66667,144.33333,171.55556,151.11111,175.33333,323.8889,111.55556,93.0,149.77777,7.811642313122095,7.1832217735654496,7.430917127119992,7.2489817619759656,7.4621613697789195,8.34380257945282,6.814493479090099,6.554588851677638,7.236279939086992,7.684981903735902,0.5804264797197213,7.475260404602513,0.31654831910402764,6.868454089951576,0.34403414846021435,-0.8165278137843259,-0.2097214991333889,-0.606806314650937,31188238.0,31188225.96
4921958,24336486,5584497,1477,1836,PSR1600155105.hg.1,2,31188152.0,31188324.0,probeset_region,101.44444,91.888885,93.111115,72.666664,61.666668,74.111115,64.22222,33.77778,74.666664,6.678697915110909,6.537434077974026,6.556293209870474,6.202940008865344,5.969626380230124,6.230954499969395,6.02729167291665,5.120093880656087,6.241585938081258,6.134506963021622,0.1434761578249243,6.590808400985137,0.07669642582233054,5.796323830551333,0.5953534386161747,-0.33818313247028886,0.4563014379635151,-0.7944845704338039,31188238.0,31188250.04
5250536,24336486,5584498,415,1959,PSR1600155105.hg.1,2,31188152.0,31188324.0,probeset_region,189.55556,197.33333,192.11111,141.22223,178.77777,206.88889,134.88889,140.88889,183.11111,7.5740678724538855,7.631783320476201,7.5932873907044,7.152003162238109,7.490070836565466,7.699668818266907,7.086283651085434,7.148617773783075,7.524432912349784,7.447247605690161,0.2763327514525073,7.599712861211496,0.02938933885837361,7.253111445739431,0.2370293007115699,-0.1941361599507303,0.15246525552133505,-0.34660141547206536,31188238.0,31188274.12
5267063,24336486,5584499,862,1965,PSR1600155105.hg.1,2,31188152.0,31188324.0,probeset_region,368.44446,438.22223,546.7778,261.44446,349.1111,620.55554,233.66667,289.55554,300.44446,8.529213676799085,8.778807260652817,9.097446911961883,8.035868322514638,8.451669051547794,9.279739505551893,7.874469149185714,8.18267016234582,8.235748395753019,8.589092293204777,0.6332201358992462,8.801822616471261,0.2848149089118797,8.097629235761518,0.19507599261774225,-0.4914630574432586,0.21273032326648433,-0.7041933807097429,31188238.0,31188298.2
752095,24336487,5584500,1694,280,PSR1600155106.hg.1,2,31188325.0,31188357.0,probeset_region,908.3333,1727.7778,1540.3334,844.1111,1075.3334,1336.2222,1012.3333,1023.3333,903.8889,9.828665396024746,10.755536762536913,10.589963219865645,9.722997175880039,10.071909279433001,10.385023461386854,9.984893078644292,10.000469522217358,9.821596887882457,10.059976638899965,0.33117441267111186,10.391388459475769,0.49431425643304633,9.935653162914702,0.09908219721155591,-0.12432347598526228,0.3314118205758039,-0.45573529656106615,31188341.0,31188329.8
1215620,24336487,5584501,1579,453,PSR1600155106.hg.1,2,31188325.0,31188357.0,probeset_region,1406.6666,2194.0,1995.7778,1155.7778,1351.6666,2086.0,1248.0,1270.8889,1209.6666,10.459089989377508,11.10000522442272,10.963458107450393,10.175896095171447,10.40159060563722,11.027214885159834,10.286557761607957,10.31275695897023,10.241585938081258,10.534900528656166,0.44103806210837526,10.84085110708354,0.3375906426909411,10.280300219553148,0.03599578000294478,-0.2546003091030187,0.30595057842737283,-0.5605508875303915,31188341.0,31188334.28
4561471,24336487,5584502,110,1702,PSR1600155106.hg.1,2,31188325.0,31188357.0,probeset_region,3110.889,3257.4443,3525.7778,2698.0,2967.7778,3743.2222,3287.2222,2866.0,3341.5557,11.603574846537052,11.669967634241884,11.784134981287584,11.398209261466851,11.535653418195643,11.870450326185257,11.683092062330882,11.485326189240524,11.706735870589764,11.601437668615917,0.2428962360846936,11.685892487355508,0.09132738513337854,11.625051374053724,0.12158167160619929,0.023613705437806942,0.08445481873959082,-0.06084111330178388,31188341.0,31188338.76
5097623,24336487,5584503,262,1902,PSR1600155106.hg.1,2,31188325.0,31188357.0,probeset_region,3293.5557,4218.6665,4048.0,3005.4443,3406.889,3955.5557,3142.889,3028.3333,3545.3333,11.68586818707899,12.042913266491944,11.983349927676457,11.553842532066732,11.734662594719593,11.950029339043251,11.61833452797597,11.564784580026872,11.792112398549488,11.746178155276525,0.1983442779783873,11.90404379374913,0.1912783164452389,11.658410502184111,0.1188446340821136,-0.08776765309241341,0.1578656384726056,-0.245633291565019,31188341.0,31188343.24
5515321,24336487,5584504,2560,2057,PSR1600155106.hg.1,2,31188325.0,31188357.0,probeset_region,3193.4443,3616.2222,3841.4443,2569.6667,2807.2222,3761.0,2914.889,2413.0,3151.4443,11.641349285159562,11.82066649498186,11.907808644942843,11.327926881180545,11.455441361311573,11.877284133523196,11.509720044324883,11.237209960755022,11.62225518115502,11.553550792005105,0.2875194653734304,11.789941475028087,0.13586083962054263,11.456395062078307,0.19798389009441897,-0.09715572992679711,0.23639068302298227,-0.3335464129497794,31188341.0,31188347.72
6765343,24336487,5584505,1022,2524,PSR1600155106.hg.1,2,31188325.0,31188357.0,probeset_region,3361.5557,4174.3335,4439.8887,2942.111,2857.6667,4286.778,2803.4443,2716.5557,3183.7778,11.715342435038329,12.027675719121913,12.116632689665149,11.523126280657326,11.4811267308071,12.0660144402408,11.45349923260819,11.408093871136183,11.636977019213944,11.69008915056841,0.32623742597739863,11.953216947941797,0.21075233941490243,11.499523374319438,0.12118391016834486,-0.19056577624897209,0.26312779737338765,-0.45369357362235974,31188341.0,31188352.2
52199,24336488,5584506,1278,19,PSR1600155107.hg.1,2,31188467.0,31189119.0,probeset_region,89.666664,169.88889,152.0,91.888885,95.0,147.88889,52.88889,67.666664,99.111115,6.502500300062676,7.416914757893013,7.257387842692652,6.537434077974026,6.584962500721156,7.218092251046435,5.751915946979486,6.101537973030558,6.645458343236441,6.7801629432472055,0.38000170619925056,7.058934300216113,0.4884427362172585,6.166304087748828,0.4502782369701318,-0.6138588554983775,0.27877135696890765,-0.8926302124672851,31188793.0,31188564.8
883217,24336488,5584507,1496,329,PSR1600155107.hg.1,2,31188467.0,31189119.0,probeset_region,64.44444,196.88889,202.0,81.44444,92.666664,221.88889,58.333332,65.111115,61.88889,6.0321987850133105,7.628546774938611,7.6653359171851765,6.365350345510325,6.549463780329344,7.800180867221933,5.890770899327012,6.046820930748888,5.974733251112971,6.904998331020534,0.7806972966907155,7.108693825712366,0.9324535054007012,5.970775027062956,0.07810027996053998,-0.9342233039575776,0.20369549469183212,-1.1379187986494097,31188793.0,31188656.08
1092064,24336488,5584508,1303,407,PSR1600155107.hg.1,2,31188467.0,31189119.0,probeset_region,37.11111,69.77778,42.666668,28.777779,41.88889,40.0,39.77778,43.11111,29.88889,5.2521397486854715,6.1452245780932495,5.4484605428273225,4.896164230085943,5.422532050083397,5.357552004618084,5.349711281392425,5.463070181838064,4.949016091077759,5.225416094929142,0.28698553004326094,5.615274956535348,0.4693297503836127,5.25393251810275,0.270079767253724,0.02851642317360792,0.3898588616062062,-0.3613424384325983,31188793.0,31188747.36
3741600,24336488,5584509,319,1396,PSR1600155107.hg.1,2,31188467.0,31189119.0,probeset_region,122.666664,124.333336,155.0,109.333336,128.22223,164.33333,163.33333,175.44444,100.77778,6.950312846231481,6.969626380230124,7.285402218862249,6.785724939339504,7.013710455744676,7.369233765283099,7.360481291004058,7.463070181838064,6.669278798670887,7.05622305345576,0.29406823733893184,7.068447148441284,0.18813659953582498,7.164276757171003,0.4317387570280201,0.10805370371524337,0.012224094985524125,0.09582960872971924,31188793.0,31188838.64
4092855,24336488,5584510,494,1527,PSR1600155107.hg.1,2,31188467.0,31189119.0,probeset_region,67.55556,144.33333,164.55556,84.44444,93.111115,169.44444,122.22222,69.77778,56.333332,6.09920171338584,7.1832217735654496,7.37117162868156,6.416914757893013,6.556293209870474,7.413157751710048,6.945118638794339,6.1452245780932495,5.8413022219841695,6.795455239824512,0.539466294694288,6.88453170521095,0.686577514964306,6.310548479623919,0.570176871521375,-0.48490676020059276,0.08907646538643821,-0.573983225587031,31188793.0,31188929.92
4938092,24336488,5584511,1531,1842,PSR1600155107.hg.1,2,31188467.0,31189119.0,probeset_region,74.22222,145.22223,122.0,84.44444,105.0,174.22223,75.888885,93.0,65.111115,6.233087005874354,7.192018839204111,6.94251450533924,6.416914757893013,6.727920454563199,7.453041999185303,6.264703162570771,6.554588851677638,6.046820930748888,6.865959070547171,0.5316774488955416,6.789206783472568,0.49750880236560013,6.288704314999099,0.2547334035211953,-0.577254755548072,-0.07675228707460313,-0.5005024684734689,31188793.0,31189021.2
552205,24336489,5584512,124,206,PSR1600155109.hg.1,2,31189123.0,31189226.0,probeset_region,1029.0,2034.3334,2044.3334,1114.7778,1100.8889,1989.5555,842.3333,1303.1111,1047.2222,10.00842862207058,10.991049402327784,10.998120295482924,10.123834078375015,10.105763074459347,10.958955411825464,9.719959134056122,10.348851048009998,10.033728809416841,10.396184188219943,0.4874579242195908,10.665866106627096,0.5693685396625826,10.034179663827652,0.31444619939095625,-0.36200452439229025,0.2696819184071533,-0.6316864427994435,31189174.5,31189138.45
1902396,24336489,5584513,2275,709,PSR1600155109.hg.1,2,31189123.0,31189226.0,probeset_region,862.44446,1686.4445,1118.6666,1008.8889,817.6667,1139.7778,696.44446,810.3333,1161.0,9.753959567605515,10.720624301506794,10.128853527083978,9.979980895335125,9.677132380502083,10.155802136906,9.445934520197202,9.66415091581545,10.18239435340453,9.937638470914402,0.24212774438984636,10.201145798732094,0.48737029694795886,9.764159929805727,0.3782785001046473,-0.17347854110867544,0.2635073278176918,-0.43698586892636726,31189174.5,31189152.87
2269203,24336489,5584514,1922,846,PSR1600155109.hg.1,2,31189123.0,31189226.0,probeset_region,1222.1111,2097.4443,1867.5555,967.3333,1097.8889,1749.0,1289.6666,1252.5555,1228.4445,10.256339721263013,11.035104478964284,10.867707732494077,9.919359917259163,10.10182983981796,10.77313920671969,10.333900691070422,10.291810204552709,10.263790845162035,10.264776321265606,0.4496092032421675,10.719717310907123,0.40993232443964817,10.296500580261721,0.03528947919059203,0.03172425899611575,0.45494098964151775,-0.423216730645402,31189174.5,31189167.29
2702841,24336489,5584515,1400,1008,PSR1600155109.hg.1,2,31189123.0,31189226.0,probeset_region,1778.8889,2882.3333,2761.111,1602.0,1522.7778,2541.889,1499.1111,1701.7778,1744.2222,10.797571489160362,11.493521875971163,11.431555626376348,10.646558710154547,10.573436856790106,11.312252725135348,10.55085362163628,10.733674497989975,10.769194988847529,10.844082764026666,0.4070921710414492,11.240882997169289,0.38516720248753655,10.68457436949126,0.11715952851928853,-0.15950839453540588,0.39680023314262236,-0.5563086276780282,31189174.5,31189181.71
3300361,24336489,5584516,1280,1231,PSR1600155109.hg.1,2,31189123.0,31189226.0,probeset_region,2672.3333,3975.4443,3818.4443,2222.6667,2424.7778,3379.2222,2507.6667,2309.5557,2186.889,11.384423976703362,11.957263260233454,11.89914705064614,11.11872487804514,11.24423171009827,11.722902356640933,11.292705120147211,11.174024130842396,11.095323775817375,11.361952981594783,0.3188280566899012,11.746944762527653,0.3152940906046209,11.187351008935662,0.09936323783043635,-0.17460197265912036,0.3849917809328698,-0.5595937535919902,31189174.5,31189196.13
3667339,24336489,5584517,1098,1368,PSR1600155109.hg.1,2,31189123.0,31189226.0,probeset_region,3450.4443,5168.0,5000.778,3230.0,3422.7778,4803.778,3489.889,3092.7778,3244.4443,11.75298450169492,12.335669486946104,12.288225262263923,11.657765035265363,11.741373373367917,12.230254008473409,11.769378734115577,11.59515388347393,11.664200296744383,11.876464139035562,0.3092297565527996,12.125626416968316,0.32358806587680555,11.676244304777962,0.08773464676175957,-0.20021983425760048,0.24916227793275425,-0.44938211219035473,31189174.5,31189210.55
532387,24336490,5584518,1746,198,PSR1600155110.hg.1,2,31189665.0,31189695.0,probeset_region,2124.889,3474.7778,3382.4443,1688.8889,2127.111,3385.889,1959.5555,2367.2222,1923.7778,11.053850498417114,11.76312015425105,11.724276938341083,10.722712699465061,11.055357743833259,11.72574495441666,10.93704679824403,11.20958871427419,10.910476216638907,11.167938465904994,0.5109053144712502,11.513749197003081,0.39875720504632556,11.019037243052376,0.16555632377021165,-0.14890122285261853,0.34581073109808713,-0.49471195395070566,31189680.0,31189669.5
1116273,24336490,5584519,1392,416,PSR1600155110.hg.1,2,31189665.0,31189695.0,probeset_region,2308.889,3828.111,3662.6667,1763.6666,2347.6667,3489.4443,2356.5557,2361.889,1863.8889,11.173607757876223,11.902793798594937,11.83907256462377,10.785179945508236,11.19762630876252,11.769194988847529,11.203076119324438,11.206336091679985,10.864873982120445,11.25066708103943,0.49414713802905463,11.63849137369831,0.40385972949721716,11.091428731041622,0.19620893850432278,-0.15923834999780695,0.3878242926588804,-0.5470626426566874,31189680.0,31189673.7
1309374,24336490,5584520,1533,488,PSR1600155110.hg.1,2,31189665.0,31189695.0,probeset_region,2475.7778,4188.3335,4090.6667,2280.3333,2408.6667,3491.111,2588.111,2810.889,2589.7778,11.27424874872406,12.0325050206234,11.998472932062393,11.155661492304132,11.23461792315711,11.769883736460029,11.338241149040861,11.457323886370228,11.339169589501116,11.386721050640425,0.3341687632718392,11.76840890046995,0.428293401120187,11.378244874970735,0.06848600611338677,-0.008476175669690278,0.3816878498295253,-0.3901640254992156,31189680.0,31189677.9
2716164,24336490,5584521,1323,1013,PSR1600155110.hg.1,2,31189665.0,31189695.0,probeset_region,1629.3334,2848.6667,2521.6667,1323.8889,1366.3334,2025.7778,1214.6666,1313.5555,1170.2222,10.670951284623632,11.476577499009181,11.300733919158997,10.37165568808764,10.417149318691468,10.984972239183097,10.247531935325886,10.360359383988799,10.193799049848113,10.5912590819874,0.34172350697330006,11.149420900930602,0.4235919279688147,10.267230123054267,0.08500941228535262,-0.324028958933134,0.5581618189432014,-0.8821907778763354,31189680.0,31189682.1
3573924,24336490,5584522,1483,1333,PSR1600155110.hg.1,2,31189665.0,31189695.0,probeset_region,2193.6667,3260.889,3177.111,1955.3334,1918.6666,2688.7778,1849.6666,1815.6666,2141.4443,11.099786173196895,11.671491936410783,11.633953836507919,10.933936522063012,10.906640075394952,11.393271299873934,10.853829320136962,10.82707798151669,11.065042006007957,11.077949299110633,0.2734177154542186,11.4684106487052,0.31978943102283497,10.9153164358872,0.13035420319453758,-0.16263286322343262,0.3904613495945668,-0.5530942128179994,31189680.0,31189686.3
4916991,24336490,5584523,1870,1834,PSR1600155110.hg.1,2,31189665.0,31189695.0,probeset_region,2721.5557,3388.3333,2915.5557,2326.6667,1885.8889,2563.7778,1811.6666,1835.8889,2067.889,11.41074583055412,11.72678577964371,11.51004989370167,11.184668807102788,10.881793776476615,11.324618145773739,10.823897902918493,10.843048668237603,11.014640469920089,11.130360243117714,0.2263524256606049,11.549193834633167,0.1616152791009374,10.893862347025395,0.10503430001933284,-0.23649789609231853,0.41883359151545285,-0.6553314876077714,31189680.0,31189690.5
1428586,24336491,5584524,145,533,PSR1600155111.hg.1,2,31189696.0,31189794.0,probeset_region,371.66666,600.44446,629.6667,426.22223,329.44446,612.44446,323.22223,362.22223,351.55554,8.54174193274139,9.232287703807012,9.300733919158997,8.738842904308077,8.368263989826728,9.260788916247876,8.340839196652109,8.504708687261362,8.461706748972572,8.789298603460894,0.44839660932428826,9.0249211852358,0.4198426653280905,8.435751544295348,0.08496209140264542,-0.3535470591655461,0.23562258177490492,-0.589169640940451,31189745.0,31189710.7
4698230,24336491,5584525,189,1753,PSR1600155111.hg.1,2,31189696.0,31189794.0,probeset_region,403.66666,604.7778,689.7778,332.0,435.44446,543.2222,343.55554,273.8889,330.0,8.660590169268003,9.242644829211923,9.43207784793153,8.379378367071261,8.76965425770696,9.088052075099435,8.428592752378876,8.102704765737954,8.370687406807217,8.745694899959219,0.35494386067428124,9.111770948803818,0.4020501075888621,8.30066164164135,0.17386331067685729,-0.4450332583178689,0.3660760488445991,-0.811109307162468,31189745.0,31189724.42
5094291,24336491,5584526,2290,1900,PSR1600155111.hg.1,2,31189696.0,31189794.0,probeset_region,214.88889,283.8889,320.33334,165.55556,146.77777,286.55554,138.66667,114.666664,198.33333,7.7541451614834545,8.154255528004994,8.327926881180545,7.37985968119119,7.207285462739383,8.167696832501417,7.125843985517047,6.853829320136962,7.639039136664608,7.58494732547733,0.5119992247759511,8.078775856889665,0.2942435233414601,7.206237480772873,0.39873042215566057,-0.37870984470445723,0.4938285314123352,-0.8725383761167924,31189745.0,31189738.14
5561617,24336491,5584527,616,2075,PSR1600155111.hg.1,2,31189696.0,31189794.0,probeset_region,415.44446,602.1111,680.7778,369.1111,390.1111,690.55554,271.66666,256.8889,379.77777,8.701980283204662,9.236279939086993,9.413157751710047,8.531814650449558,8.611434724590177,9.433701315248532,8.090994478397171,8.01060578693295,8.572805449382342,8.858983563429424,0.49930973327539724,9.117139324667233,0.3702556041853656,8.224801904904155,0.3040484100531832,-0.6341816585252698,0.25815576123780914,-0.8923374197630789,31189745.0,31189751.86
6376916,24336491,5584528,1195,2379,PSR1600155111.hg.1,2,31189696.0,31189794.0,probeset_region,979.6667,1730.3334,1851.0,840.0,796.3333,1642.5555,766.2222,837.3333,880.3333,9.937619060464034,10.757667831863726,10.854868383260236,9.715961990255144,9.639039136664609,10.682604496056108,9.583500710455471,9.711380148959758,9.783543927482784,10.01253520765862,0.5815702191406161,10.516718425195998,0.5038641111179386,9.692808262299337,0.10130650719600763,-0.3197269453592835,0.5041832175373777,-0.8239101628966612,31189745.0,31189765.58
6650707,24336491,5584529,1626,2481,PSR1600155111.hg.1,2,31189696.0,31189794.0,probeset_region,972.6667,1477.6666,1285.0,995.0,942.55554,1077.5555,824.6667,746.55554,968.0,9.927284172253561,10.53008110974032,10.328674927327947,9.960001932068081,9.881963633724695,10.074884757028268,9.689415688074305,9.546036962637112,9.92035285541508,9.972283440940348,0.09704517787769182,10.262013403107275,0.30687759134453185,9.7186018353755,0.18885701017504508,-0.2536816055648483,0.2897299621669269,-0.5434115677317752,31189745.0,31189779.3
1926045,24336492,5584530,1804,718,PSR1600155112.hg.1,2,31190040.0,31190120.0,probeset_region,1428.3334,2454.3333,2236.7778,1392.1111,1276.3334,2299.6667,1453.4445,1584.0,1561.7778,10.4811267308071,11.26170313336152,11.12785109642904,10.44409458490117,10.318919390972809,11.167836308746011,10.50625248884409,10.63026712502677,10.609896980844423,10.643616761539997,0.45828136286391763,10.956893653532553,0.41742629950385157,10.582138864905096,0.06650407692206901,-0.06147789663490144,0.31327689199255637,-0.3747547886274578,31190080.0,31190052.0
4387704,24336492,5584531,543,1637,PSR1600155112.hg.1,2,31190040.0,31190120.0,probeset_region,2135.2222,3614.5557,3610.111,2298.2222,2457.4443,3713.6667,2488.2222,2558.2222,2297.0,11.060845980357518,11.8200016724145,11.818227085410676,11.166930161392697,11.263529974709343,11.859017073486385,11.281479284094248,11.321489678899173,11.166163082646113,11.429825736529475,0.3748156663912909,11.566358246060899,0.4377873631938022,11.256377348546513,0.08064842374201932,-0.1734483879829618,0.13653250953142404,-0.30998089751438584,31190080.0,31190063.2
4725506,24336492,5584532,665,1763,PSR1600155112.hg.1,2,31190040.0,31190120.0,probeset_region,1802.1111,2381.5557,2433.6667,1622.1111,1652.8889,2348.3333,1921.7778,1857.2222,2041.6666,10.81627256405947,11.218294205126291,11.24950859748602,10.664546024430432,10.691646623345864,11.198035658224729,10.908976360317862,10.859707284480267,10.996238052465186,10.851409435333673,0.30049278595697204,11.094691788890595,0.2416227082442159,10.921640565754439,0.06914079277924713,0.07023113042076545,0.2432823535569213,-0.17305122313615584,31190080.0,31190074.4
5283918,24336492,5584533,1637,1971,PSR1600155112.hg.1,2,31190040.0,31190120.0,probeset_region,893.55554,1420.7778,1567.2222,726.0,802.44446,1329.8889,812.6667,786.7778,781.0,9.80502725021741,10.473480330725012,10.614914243300042,9.505811553919594,9.650054483835245,10.37817444494169,9.668294115133376,9.621644898264945,9.611024797307353,9.844680160898845,0.46761481909522,10.29780727474749,0.43257947517013384,9.633654603568559,0.030465036635038453,-0.21102555733028616,0.45312711384864457,-0.6641526711789307,31190080.0,31190085.6
6238981,24336492,5584534,2620,2327,PSR1600155112.hg.1,2,31190040.0,31190120.0,probeset_region,1790.7778,2830.889,2830.111,1480.1111,1534.4445,2695.7778,1581.4445,1527.2222,1997.1111,10.807176049012346,11.46754895987942,11.467152641877941,10.532464132110881,10.58444061097395,11.397020957948959,10.627939148256992,10.577638577595636,10.964421075929806,10.83797523367793,0.48484479986696793,11.247292550256569,0.3811521222131415,10.723332933927479,0.2102977793815608,-0.11464229975045193,0.40931731657863857,-0.5239596163290905,31190080.0,31190096.8
6360367,24336492,5584535,726,2373,PSR1600155112.hg.1,2,31190040.0,31190120.0,probeset_region,367.44446,821.3333,751.8889,408.0,368.1111,635.44446,236.55556,204.33333,365.22223,8.525303343162676,9.683579463885769,9.556293209870473,8.67595703294175,8.527911369773392,9.313890806567446,7.892121146574614,7.68182400423709,8.516575552456658,8.839253069760863,0.41766028719091386,9.255058672306307,0.6351831058249717,8.03017356775612,0.43416170957294037,-0.8090795020047423,0.4158056025454435,-1.2248851045501858,31190080.0,31190108.0
290989,24336493,5584536,1548,108,PSR1600155114.hg.1,2,31190216.0,31190274.0,probeset_region,83.111115,36.555557,66.77778,55.333332,80.77778,44.555557,77.77778,61.22222,49.555557,6.394224546703997,5.230954499969395,6.082740449052017,5.815916902996266,6.353636969569713,5.509555151755277,6.299716831321731,5.959357995847494,5.659797782025678,5.8930363414404185,0.4272927387993935,5.90263983190847,0.6021847512425864,5.972957536398301,0.32017621404530616,0.07992119495788241,0.009603490468051312,0.0703177044898311,31190245.0,31190224.7
844639,24336493,5584537,438,315,PSR1600155114.hg.1,2,31190216.0,31190274.0,probeset_region,36.11111,51.11111,26.0,26.666666,32.11111,32.444443,29.333334,31.777779,31.0,5.21377927455436,5.70351909933864,4.754887502163468,4.790076897472486,5.049243500551913,5.063694602181909,4.922832169716248,5.034646180118381,5.0,4.967671666735435,0.1539712152863337,5.22406195868549,0.4743993855228788,4.985826116611543,0.05723868847452983,0.018154449876107925,0.2563902919500549,-0.238235842073947,31190245.0,31190232.82
4125109,24336493,5584538,588,1539,PSR1600155114.hg.1,2,31190216.0,31190274.0,probeset_region,33.666668,44.333332,36.444443,41.88889,45.88889,32.22222,33.666668,39.555557,30.222221,5.115477270337673,5.502500300062676,5.226679714416758,5.422532050083397,5.551174200306211,5.054076635943452,5.115477270337673,5.34182771263679,4.9645012796081875,5.3425942954443535,0.2580097490142492,5.281552428272369,0.19926105346702855,5.14060208752755,0.18991380043230308,-0.2019922079168035,-0.06104186717198434,-0.14095034074481916,31190245.0,31190240.94
5124349,24336493,5584539,188,1912,PSR1600155114.hg.1,2,31190216.0,31190274.0,probeset_region,35.666668,41.22222,34.22222,35.11111,38.88889,51.11111,33.77778,34.0,36.444443,5.196397262834819,5.399930577923136,5.138413993975045,5.174370889539828,5.3179150477106685,5.70351909933864,5.120093880656087,5.129283016944966,5.226679714416758,5.398601678863045,0.27364613338828997,5.2449139449110005,0.1373431186835754,5.15868553733927,0.0590636617876627,-0.23991614152377494,-0.1536877339520446,-0.08622840757173034,31190245.0,31190249.06
5652139,24336493,5584540,18,2109,PSR1600155114.hg.1,2,31190216.0,31190274.0,probeset_region,126.77778,100.0,98.333336,147.66667,160.44444,94.333336,147.22223,224.22223,138.66667,6.997493153960634,6.658211482751795,6.634206056676876,7.215937448557398,7.334893971039958,6.574908874542861,7.211618015750605,7.81520541546569,7.125843985517047,7.041913431380071,0.4087879714966256,6.763303564463102,0.20316898875573167,7.384222472244448,0.3756980424175251,0.34230904086437697,-0.27860986691696965,0.6209189077813466,31190245.0,31190257.18
5925077,24336493,5584541,2276,2210,PSR1600155114.hg.1,2,31190216.0,31190274.0,probeset_region,153.0,141.44444,123.666664,165.66667,179.0,98.333336,274.33334,148.0,188.33333,7.266786540694901,7.1542555280049935,6.961931929736294,7.3808218279684885,7.491853096329675,6.634206056676876,8.105035524000417,7.219168520462161,7.564784580026871,7.16896032699168,0.46642639596554986,7.127657999478729,0.15415788934874522,7.629662874829816,0.4464829020711382,0.46070254783813613,-0.04130232751295093,0.5020048753510871,31190245.0,31190265.3
140913,24336494,5584542,1552,52,PSR1600155116.hg.1,2,31190293.0,31190346.0,probeset_region,2043.0,2296.5557,2917.4443,1972.5555,1766.7778,2673.6667,2109.4443,1914.8889,2069.5557,10.997179480937621,11.165884099514418,11.510983836338546,10.94658140639076,10.787721258052711,11.385143433786896,11.043331062630527,10.903798200141573,11.01580227277797,11.039815366076787,0.3094313210452261,11.22468247226353,0.2619001057382328,10.987643845183356,0.07390553235070534,-0.05217152089343102,0.18486710618674174,-0.23703862708017276,31190319.5,31190300.95
354717,24336494,5584543,956,132,PSR1600155116.hg.1,2,31190293.0,31190346.0,probeset_region,1069.2222,1559.8889,1716.2222,1019.2222,1137.3334,1571.6666,1220.0,1096.7778,949.44446,10.063694602181908,10.608152153165687,10.745860986723141,9.994667724860024,10.15270741402591,10.618997165190999,10.253847484987404,10.100370396329415,9.892458511022078,10.25545743469231,0.32459973440563133,10.472569247356912,0.3607281349024189,10.082225464112966,0.18137647738828327,-0.17323197057934436,0.21711181266460144,-0.3903437832439458,31190319.5,31190308.37
1461004,24336494,5584544,403,545,PSR1600155116.hg.1,2,31190293.0,31190346.0,probeset_region,924.6667,1060.5555,1470.1111,895.2222,933.1111,1341.6666,1067.8889,968.44446,865.0,9.85434899280641,10.051964141595812,10.522690473649513,9.807712699880389,9.867450314424831,10.39088542356412,10.061896213828446,9.921014434726619,9.758223214726724,10.022016145956448,0.3208435033158224,10.143001202683912,0.34334515232132956,9.913711287760597,0.1519681695703543,-0.10830485819585078,0.12098505672746462,-0.2292899149233154,31190319.5,31190315.79
2859645,24336494,5584545,84,1067,PSR1600155116.hg.1,2,31190293.0,31190346.0,probeset_region,499.77777,957.55554,830.1111,550.44446,692.55554,865.44446,741.1111,490.0,518.6667,8.968026713735634,9.904718218783579,9.698897506244387,9.10707177333944,9.437867612263146,9.758963460539348,9.535491344704875,8.939579214314692,9.02144276845842,9.43463428204731,0.3259578711709526,9.523880812921199,0.4922609837409246,9.165504442492663,0.3230218897082712,-0.26912983955464753,0.08924653087388812,-0.35837637042853565,31190319.5,31190323.21
4013928,24336494,5584546,1967,1497,PSR1600155116.hg.1,2,31190293.0,31190346.0,probeset_region,1830.7778,2418.6667,2162.7778,1687.5555,1473.1111,2070.111,1725.0,1405.7778,1483.0,10.83902882081353,11.240592648671573,11.079336661330938,10.72157391964195,10.52562952977003,11.016189219203381,10.753216749178955,10.458178790965864,10.535275376620802,10.754464222871787,0.2469281904909793,11.05298604360535,0.20207459823513485,10.582223638921874,0.15301945528740837,-0.17224058394991282,0.29852182073356204,-0.47076240468347486,31190319.5,31190330.63
5060006,24336494,5584547,165,1888,PSR1600155116.hg.1,2,31190293.0,31190346.0,probeset_region,975.55554,989.6667,1371.6666,932.1111,999.3333,1024.4445,918.3333,718.6667,965.0,9.931558290085388,9.952255929445675,10.422765571145135,9.86590502945171,9.966265073535206,10.002033636717075,9.84444420886566,9.491185068086489,9.915879378835774,9.94473457990133,0.07057209821232992,10.102193263558732,0.27781657863098325,9.750502885262641,0.22739842480966718,-0.19423169463868817,0.1574586836574028,-0.35169037829609096,31190319.5,31190338.05
810271,24336495,5584548,910,302,PSR1600155117.hg.1,2,31190347.0,31190372.0,probeset_region,1336.1111,1737.0,1830.5555,1388.1111,1511.5555,1838.7778,1573.8889,1378.1111,1297.1111,10.384903610718764,10.7632123668144,10.83885373615448,10.439946257563385,10.562772404692597,10.84531584443421,10.621034357106268,10.429522951708991,10.342198129829772,10.616011502230064,0.20786275909818241,10.662323237895881,0.24321110448790922,10.464251812881676,0.14262531598286204,-0.15175968934838835,0.046311735665817366,-0.19807142501420572,31190359.5,31190350.75
2074729,24336495,5584549,408,774,PSR1600155117.hg.1,2,31190347.0,31190372.0,probeset_region,1624.8889,2086.0,1998.5555,1401.4445,1638.8889,1915.8889,1669.0,1375.5555,1520.7778,10.66701297762982,11.027214885159834,10.965463640350658,10.453727920563253,10.679382376492537,10.904551019708398,10.705632387361415,10.426847106393673,10.571542036392897,10.679220438921396,0.22541159319906565,10.886563834380103,0.1926271997504724,10.568007176715994,0.13942625163780067,-0.11121326220540162,0.2073433954587074,-0.318556657664109,31190359.5,31190368.25
2710756,24336496,5584550,1275,1011,PSR1600155118.hg.1,2,31190373.0,31190398.0,probeset_region,1002.55554,1078.0,1115.3334,727.55554,747.8889,1107.6666,797.8889,700.7778,796.55554,9.970904749832213,10.075479149488016,10.124552212571475,9.50889515122336,9.548607926885138,10.114609899616552,9.641851102871895,9.454870440476329,9.639441181839043,9.724037659241683,0.3388278063430947,10.056978703963901,0.07847665617874044,9.578720908395756,0.10726441969610363,-0.145316750845927,0.33294104472221875,-0.47825779556814574,31190385.5,31190376.75
2799189,24336496,5584551,1268,1044,PSR1600155118.hg.1,2,31190373.0,31190398.0,probeset_region,757.2222,913.6667,922.2222,650.44446,669.55554,1003.55554,785.3333,662.7778,556.3333,9.566476942779717,9.837102297541714,9.850534150854758,9.347498369991724,9.389213025018591,9.972341617714324,9.618997165190999,9.374556506128753,9.122396578695183,9.56968433757488,0.3493346419237202,9.751371130392064,0.1602638422429643,9.371983416671645,0.24831029221321635,-0.19770092090323566,0.18168679281718347,-0.37938771372041913,31190385.5,31190394.25
1055813,24336497,5584552,2572,393,PSR1600155119.hg.1,2,31190399.0,31190741.0,probeset_region,37.88889,69.111115,40.22222,34.77778,41.88889,54.666668,72.333336,45.88889,38.333332,5.281286126114145,6.131571263314496,5.365350345510325,5.160991910855191,5.422532050083397,5.798741824707655,6.196397262834819,5.551174200306211,5.297680502001321,5.460755261882081,0.32058851912515735,5.592735911646322,0.4685342574467697,5.681750655047451,0.46336876453895426,0.22099539316536987,0.13198064976424106,0.0890147434011288,31190570.0,31190450.3
1200684,24336497,5584553,43,448,PSR1600155119.hg.1,2,31190399.0,31190741.0,probeset_region,51.11111,112.22222,78.888885,67.55556,45.333332,112.77778,55.666668,47.444443,33.444443,5.70351909933864,6.823013323921844,6.31992289776255,6.09920171338584,5.533978532409223,6.830075009306603,5.82442846778975,5.5982592728442935,5.106199332819732,6.154418418367222,0.6498101128315882,6.282151773674344,0.5607020805026068,5.509629024484592,0.36722576608017576,-0.6447893938826308,0.1277333553071216,-0.7725227491897524,31190570.0,31190498.18
2053255,24336497,5584554,374,766,PSR1600155119.hg.1,2,31190399.0,31190741.0,probeset_region,87.888885,89.22222,73.77778,62.88889,80.0,90.888885,57.11111,99.22222,58.555557,6.473931133297963,6.495410902187581,6.224537709522967,5.997493153960634,6.339850002884624,6.521818464491284,5.86074212428179,6.647058609610308,5.896164230085943,6.28638720711218,0.26621976018812016,6.397959915002837,0.15057154821882696,6.13465498799268,0.4441078528691493,-0.1517322191195003,0.11157270789065699,-0.2633049270101573,31190570.0,31190546.06
2059288,24336497,5584555,1047,768,PSR1600155119.hg.1,2,31190399.0,31190741.0,probeset_region,48.444443,49.0,46.666668,37.77778,30.0,42.444443,38.77778,46.11111,43.555557,5.62773647494228,5.643856189774724,5.574908874542861,5.277158256305706,4.954196310386875,5.441099739563813,5.3138908065674455,5.557995440141064,5.4775334799098125,5.224151435418798,0.2477418608783505,5.615500513086622,0.036065525662609225,5.449806575539441,0.12439193684680873,0.2256551401206428,0.3913490776678241,-0.1656939375471813,31190570.0,31190593.94
2497807,24336497,5584556,46,932,PSR1600155119.hg.1,2,31190399.0,31190741.0,probeset_region,40.0,52.22222,50.11111,53.11111,46.77778,63.555557,44.11111,42.0,58.666668,5.357552004618084,5.733956821314975,5.675565037538052,5.757852949339322,5.578267873744566,6.012469389851681,5.495410902187581,5.426264754702098,5.898853307288602,5.782863404311857,0.2181785536914186,5.589024621157037,0.20257610732439485,5.606842988059427,0.25524070468924903,-0.17602041625243015,-0.19383878315481962,0.01781836690238947,31190570.0,31190641.82
4620179,24336497,5584557,2538,1723,PSR1600155119.hg.1,2,31190399.0,31190741.0,probeset_region,38.333332,58.0,57.11111,36.22222,43.555557,56.444443,28.88889,39.555557,31.555555,5.297680502001321,5.882643049361842,5.86074212428179,5.218092251046435,5.4775334799098125,5.844095426292777,4.901537381573214,5.34182771263679,5.024831843588391,5.5132403857496755,0.31452540628400494,5.680355225214984,0.3315868973132545,5.089398979266131,0.22713559862830643,-0.42384140648354407,0.16711483946530858,-0.5909562459488527,31190570.0,31190689.7
2330052,24336498,5584558,1131,869,PSR1600155120.hg.1,2,31190742.0,31190842.0,probeset_region,237.44444,327.44446,309.77777,285.8889,282.8889,354.1111,202.0,261.8889,262.66666,7.897509349056158,8.359505612281048,8.279739505551893,8.164348266813152,8.14918255715075,8.472126705261497,7.6653359171851765,8.038309338289041,8.042571328091004,8.261885843075133,0.18223176119173157,8.1789181556297,0.24694907422086138,7.915405527855074,0.2165771196934559,-0.3464803152200586,-0.08296768744543215,-0.2635126277746265,31190792.0,31190757.0
3335510,24336498,5584559,1589,1244,PSR1600155120.hg.1,2,31190742.0,31190842.0,probeset_region,222.55556,413.8889,346.33334,233.66667,193.33333,335.0,240.22223,233.66667,214.77777,7.804489599304457,8.696581198992899,8.440177103810287,7.874469149185714,7.602389534719856,8.39231742277876,7.9142190497325355,7.874469149185714,7.753402438634389,7.956392035561443,0.401285480135275,8.313749300702547,0.4592873257642298,7.84736354585088,0.08376473542238522,-0.10902848971056311,0.3573572651411041,-0.4663857548516672,31190792.0,31190771.0
3681145,24336498,5584560,1504,1373,PSR1600155120.hg.1,2,31190742.0,31190842.0,probeset_region,227.33333,293.33334,295.33334,205.77777,185.33333,199.44444,150.77777,208.22223,226.11111,7.834997644989828,8.201307176788644,8.211077157633426,7.691937291300817,7.541741932741391,7.647058609610308,7.245816702385758,7.7088923299351215,7.827254501035211,7.626912611217506,0.07709771314138143,8.082460659803965,0.2143649246194524,7.59398784445203,0.3072779832866013,-0.03292476676547551,0.4555480485864596,-0.4884728153519351,31190792.0,31190785.0
4794940,24336498,5584561,419,1789,PSR1600155120.hg.1,2,31190742.0,31190842.0,probeset_region,1385.7778,1541.3334,1529.0,1522.2222,838.7778,1222.1111,1356.1111,1079.0,1373.1111,10.437520964681351,10.590898920905568,10.579315937580015,10.572910664603526,9.713863790167064,10.256339721263013,10.406323099563501,10.076815597050832,10.424282921886102,10.181038058677869,0.43444578305103726,10.535911941055645,0.08540567633123171,10.30247387283348,0.19563200626779478,0.12143581415561044,0.35487388237777573,-0.23343806822216528,31190792.0,31190799.0
4805896,24336498,5584562,655,1793,PSR1600155120.hg.1,2,31190742.0,31190842.0,probeset_region,171.55556,267.0,305.0,222.22223,174.11111,222.33333,134.88889,172.77777,168.11111,7.430917127119992,8.066089190457772,8.257387842692651,7.802336891121301,7.452126845950332,7.803054751767591,7.086283651085434,7.441099739563813,7.40182767098867,7.6858394962797405,0.2024014106274322,7.918131386756805,0.4326454607202141,7.309737020545973,0.19450997425580394,-0.3761024757337674,0.23229189047706456,-0.608394366210832,31190792.0,31190813.0
5040950,24336498,5584563,2549,1880,PSR1600155120.hg.1,2,31190742.0,31190842.0,probeset_region,475.33334,633.6667,724.6667,367.1111,362.33334,635.3333,383.66666,433.8889,516.55554,8.895827731184708,9.309855308834223,9.503163231914968,8.523997499928035,8.505149959335387,9.313638840556475,8.587464969772196,8.764503027935755,9.015569884960431,8.780928766606632,0.4614366962133951,9.236282090644634,0.3102803030130959,8.789179294222794,0.21511658046390397,0.008250527616162628,0.4553533240380023,-0.4471027964218397,31190792.0,31190827.0
1355890,24336499,5584564,2489,505,PSR1600155121.hg.1,2,31190963.0,31191102.0,probeset_region,797.8889,694.8889,700.3333,716.0,632.8889,777.55554,882.55554,797.8889,673.44446,9.641851102871895,9.442713218400757,9.453956446719854,9.485829308701904,9.308086231472638,9.604656154317814,9.787177017973315,9.641851102871895,9.39755582871395,9.466190564830784,0.1492571270650919,9.512840255997501,0.11186800929754197,9.60886131651972,0.19689441912518038,0.14267075168893584,0.04664969116671713,0.0960210605222187,31191032.5,31190983.85
2769990,24336499,5584565,1549,1033,PSR1600155121.hg.1,2,31190963.0,31191102.0,probeset_region,1229.2222,1228.7778,1442.2222,1117.1111,1032.8889,1410.1111,1203.3334,1346.4445,1092.3334,10.264703162570772,10.264181990814274,10.495077688410259,10.126847811261984,10.013865471357018,10.462615847370683,10.234019087454778,10.396010090620825,10.094517652476434,10.201109709996564,0.2334102551214278,10.341320947265102,0.13315749881506528,10.241515610184011,0.15088595346928382,0.04040590018744794,0.140211237268538,-0.09980533708109007,31191032.5,31191003.31
3466414,24336499,5584566,1173,1293,PSR1600155121.hg.1,2,31190963.0,31191102.0,probeset_region,1131.7778,1126.0,1034.0,821.7778,919.2222,1068.5555,1041.1111,785.0,868.0,10.145649222558353,10.138271800172221,10.015415052386688,9.684359006842593,9.845838496559674,10.062795688227293,10.025293354765639,9.618385502258606,9.7632123668144,9.86433106387652,0.1898948702278247,10.099778691705753,0.07315411348402742,9.802297074612882,0.20625035974693648,-0.06203398926363768,0.2354476278292328,-0.29748161709287047,31191032.5,31191022.77
5524206,24336499,5584567,725,2061,PSR1600155121.hg.1,2,31190963.0,31191102.0,probeset_region,1314.3334,1171.2222,1403.4445,1338.0,1365.5555,1212.8889,1179.8889,936.3333,1323.8889,10.361212784632466,10.195030310267944,10.455783855554925,10.386940245324311,10.416328382304599,10.245420690072871,10.205657544188998,9.872418347037327,10.37165568808764,10.349563105900593,0.09137914274941929,10.337342316818445,0.13200550090877877,10.14991052643799,0.25424452435764566,-0.19965257946260273,-0.012220789082148187,-0.18743179038045454,31191032.5,31191042.23
6104832,24336499,5584568,2471,2277,PSR1600155121.hg.1,2,31190963.0,31191102.0,probeset_region,1801.2222,1738.1111,2133.889,1942.3334,1944.0,1836.2222,2216.0,2192.7778,2099.6667,10.815561154231931,10.764134370955258,11.05994528917638,10.92431769757429,10.925554439873554,10.843310381033143,11.114393054867307,11.09920171338584,11.03663159418665,10.89772750616033,0.047130669560378105,10.879880271454525,0.15804662750253776,11.083408787479932,0.041216180964512676,0.18568128131960293,-0.017847234705804738,0.20352851602540767,31191032.5,31191061.69
6686442,24336499,5584569,2521,2494,PSR1600155121.hg.1,2,31190963.0,31191102.0,probeset_region,1541.1111,1664.0,1662.7778,1234.6666,1306.5555,1332.4445,1607.2222,1417.5555,1704.1111,10.590690976336026,10.701306461958625,10.70024708471217,10.271073851590517,10.352656514847338,10.380942018193222,10.651251006158137,10.470206923528124,10.735650015168412,10.334890794877026,0.05704795450064467,10.664081507668941,0.06356027168784938,10.619035981618225,0.13562213897247355,0.28414518674119904,0.3291907127919149,-0.04504552605071588,31191032.5,31191081.15
1368361,24336500,5584570,1560,510,PSR1600155123.hg.1,2,31191399.0,31191438.0,probeset_region,758.1111,1001.3333,1121.1111,754.1111,763.2222,971.8889,902.2222,769.8889,861.0,9.56816720662366,9.969146622569468,10.131999788042474,9.560545083914292,9.57784841188691,9.926131277964817,9.818937182173356,9.590379174610929,9.751544059089099,9.688174924588674,0.20625777772919576,9.8897712057452,0.2901760458142106,9.720286805291128,0.1174412731601189,0.03211188070245363,0.20159628115652595,-0.16948440045407231,31191418.5,31191404.85
2331879,24336500,5584571,278,870,PSR1600155123.hg.1,2,31191399.0,31191438.0,probeset_region,862.44446,942.3333,912.3333,728.44446,871.1111,953.2222,829.55554,611.55554,699.8889,9.753959567605515,9.881623805883205,9.834997644989828,9.510654321163562,9.768368097834811,9.898181484669735,9.697932838970619,9.258696852704261,9.453041999185304,9.725734634556035,0.19724992967588595,9.823527006159516,0.06460047290954857,9.469890563620062,0.2201021774096728,-0.2558440709359733,0.09779237160348053,-0.3536364425394538,31191418.5,31191410.31
5740031,24336500,5584572,2150,2141,PSR1600155123.hg.1,2,31191399.0,31191438.0,probeset_region,770.7778,989.0,944.6667,741.2222,878.3333,1075.1111,771.55554,822.6667,834.8889,9.592041681262682,9.951284714966972,9.885187965591312,9.535707399101005,9.78026631515089,10.071611295680675,9.593494847421107,9.685916830243045,9.70716742040425,9.795861669977524,0.2682921130250477,9.809504787273655,0.19120629416016124,9.662193032689467,0.060435729415010214,-0.1336686372880571,0.013643117296130214,-0.14731175458418733,31191418.5,31191415.77
5960127,24336500,5584573,2486,2223,PSR1600155123.hg.1,2,31191399.0,31191438.0,probeset_region,857.8889,880.2222,891.1111,758.44446,867.1111,770.3333,780.3333,853.0,900.6667,9.746327742935287,9.783362077538458,9.80107955276258,9.568800646817055,9.761735852328629,9.591210610333128,9.609794316134915,9.73809225962049,9.816450410545745,9.640582369826271,0.10551860669111805,9.776923124412109,0.027938061097067934,9.721445662100383,0.1043288897958365,0.08086329227411149,0.13634075458583794,-0.055477462311726455,31191418.5,31191421.23
6250401,24336500,5584574,640,2332,PSR1600155123.hg.1,2,31191399.0,31191438.0,probeset_region,764.6667,908.1111,1128.0,865.6667,991.7778,1019.2222,964.3333,650.3333,946.3333,9.580572678991603,9.828312777397521,10.140829770773001,9.759333441062013,9.955327002631464,9.994667724860024,9.914883355956276,9.347252206183198,9.88772830753812,9.903109389517832,0.12605778683661004,9.849905075720708,0.28075197725571893,9.716621289892531,0.3201710311128297,-0.18648809962530066,-0.053204313797124314,-0.13328378582817635,31191418.5,31191426.69
6494385,24336500,5584575,744,2423,PSR1600155123.hg.1,2,31191399.0,31191438.0,probeset_region,934.6667,987.0,1200.6666,969.6667,919.6667,1009.1111,1071.6666,879.44446,1052.2222,9.8698508791612,9.948367231584678,10.230820994555367,9.922832169716248,9.84653513541782,9.980298242491612,10.066986055275677,9.78208818567209,10.040594076979065,9.916555182541893,0.06710210599898428,10.01634636843375,0.18984395786270916,9.963222772642277,0.15742121228490047,0.046667590100383904,0.09979118589185632,-0.05312359579147241,31191418.5,31191432.15
1671070,24336501,5584576,1429,623,PSR1600155124.hg.1,2,31191439.0,31191558.0,probeset_region,362.22223,513.55554,465.22223,331.8889,451.8889,465.22223,300.55554,333.44446,337.55554,8.504708687261362,9.007183002232827,8.864873982120445,8.378896892320991,8.823013323921844,8.864873982120445,8.236279939086993,8.385622828713135,8.403248725446261,8.688928066121093,0.2693094413905809,8.792255223871544,0.258988845973567,8.341717164415464,0.09173562243009337,-0.34721090170562974,0.10332715775045109,-0.45053805945608083,31191498.5,31191456.85
1743115,24336501,5584577,1114,650,PSR1600155124.hg.1,2,31191439.0,31191558.0,probeset_region,1506.6666,1849.6666,1574.0,1493.6666,1549.2222,1860.7778,1633.1111,1468.7778,1423.3334,10.558101740973656,10.853829320136962,10.621136113274641,10.545608022809017,10.598259272844293,10.862465209465327,10.674290343339166,10.521382382002576,10.476071142174613,10.668777501706211,0.1697917390078342,10.67768905812842,0.15576384994013573,10.557247955838784,0.10386273377650342,-0.1115295458674268,0.008911556422209088,-0.12044110228963589,31191498.5,31191473.51
2736974,24336501,5584578,693,1021,PSR1600155124.hg.1,2,31191439.0,31191558.0,probeset_region,1405.0,1744.2222,1745.1111,1406.3334,1374.5555,1860.7778,1344.6666,1289.5555,1349.7778,10.457380879072534,10.769194988847529,10.76992962783079,10.458748404338513,10.425798678433932,10.862465209465327,10.394105327135318,10.333776517091547,10.399574692868256,10.582337430745923,0.24315653480216604,10.66550183191695,0.18023840651553655,10.375818845698374,0.036512279254977624,-0.20651858504754905,0.08316440117102708,-0.28968298621857613,31191498.5,31191490.17
4598925,24336501,5584579,44,1716,PSR1600155124.hg.1,2,31191439.0,31191558.0,probeset_region,281.77777,174.88889,100.0,215.88889,296.44446,323.33334,332.0,188.33333,275.8889,8.143524904921485,7.458520510882134,6.658211482751795,7.760812313565472,8.21647648798488,8.341333539309245,8.379378367071261,7.564784580026871,8.11316333391413,8.1062074469532,0.305566145772561,7.420085632851805,0.7434022601568169,8.01910876033742,0.41536183813736754,-0.08709868661577858,-0.6861218141013943,0.5990231274856157,31191498.5,31191506.83
4664124,24336501,5584580,923,1740,PSR1600155124.hg.1,2,31191439.0,31191558.0,probeset_region,354.77777,553.3333,523.44446,399.44446,455.33334,499.1111,335.0,299.77777,392.55554,8.474832563573909,9.114609899616552,9.034646180118381,8.64545834323644,8.833944262697122,8.966104857724968,8.39231742277876,8.232554138243978,8.620423445589038,8.815169154552843,0.16114566493636276,8.874696214436279,0.3485925322919786,8.415098335537259,0.19493557239423204,-0.4000708190155837,0.059527059883436095,-0.4595978788990198,31191498.5,31191523.49
6786950,24336501,5584581,1189,2532,PSR1600155124.hg.1,2,31191439.0,31191558.0,probeset_region,246.77777,311.0,343.1111,306.44446,227.55556,214.88889,114.55556,177.44444,313.44446,7.952902953878755,8.285402218862249,8.426730680448546,8.264181990814274,7.836401087784507,7.7541451614834545,6.852442832753238,7.479331162367792,8.296661398506696,7.951576080027412,0.2738308801926359,8.22167861772985,0.24325645237595478,7.542811797875909,0.7241989779957784,-0.40876428215150273,0.27010253770243864,-0.6788668198539414,31191498.5,31191540.15
1908178,24336502,5584582,17,712,PSR1600155126.hg.1,2,31191576.0,31191602.0,probeset_region,54.11111,86.111115,39.555557,75.0,127.888885,87.55556,66.111115,80.111115,105.22222,5.784271297848908,6.444784898830495,5.34182771263679,6.247927513443585,7.009984050617829,6.4685109401689616,6.068479810776074,6.34182771263679,6.730941795024953,6.575474168076792,0.39212675317535634,5.856961303105397,0.5550599213528438,6.380416439479273,0.33291258240450056,-0.19505772859751946,-0.7185128649713954,0.523455136373876,31191589.0,31191579.9
5106488,24336502,5584583,1087,1905,PSR1600155126.hg.1,2,31191576.0,31191602.0,probeset_region,142.55556,153.44444,93.111115,113.888885,105.0,73.22222,402.33334,124.44444,130.22223,7.165465370290141,7.270944150331306,6.556293209870474,6.844095426292777,6.727920454563199,6.21377927455436,8.655828867827212,6.970904749832212,7.035868322514637,6.595265051803445,0.33544404108076814,6.99756757683064,0.3857768052408214,7.554200646724688,0.9545908126475195,0.9589355949212433,0.40230252502719566,0.5566330698940476,31191589.0,31191589.0
6254782,24336502,5584584,2341,2333,PSR1600155126.hg.1,2,31191576.0,31191602.0,probeset_region,192.66667,106.44444,83.55556,102.22222,128.55556,77.44444,91.888885,141.0,192.11111,7.597431890572837,6.747447055269504,6.40182767098867,6.6896097730922355,7.017427090637926,6.293599340647877,6.537434077974026,7.149747119504682,7.5932873907044,6.66687873479268,0.3624488625869118,6.915568872277004,0.6152772314065375,7.093489529394369,0.530170012198626,0.4266107946016895,0.24869013748432423,0.17792065711736527,31191589.0,31191598.1
1978975,24336503,5584585,1134,738,PSR1600155129.hg.1,2,31191606.0,31194871.0,probeset_region,31.333334,72.333336,64.333336,46.11111,43.0,61.77778,36.11111,47.444443,65.77778,5.014950369834244,6.196397262834819,6.029747399551651,5.557995440141064,5.459431618637297,5.9721820753414585,5.21377927455436,5.5982592728442935,6.061296197583165,5.663203044706607,0.2720840637677925,5.747031677406905,0.6394531451999022,5.62444491499394,0.4243648189896818,-0.0387581297126669,0.08382863270029794,-0.12258676241296484,31193238.5,31192095.75
3069735,24336503,5584586,1134,1145,PSR1600155129.hg.1,2,31191606.0,31194871.0,probeset_region,60.0,74.111115,102.22222,57.555557,42.0,108.666664,88.666664,42.0,83.888885,5.930737337562887,6.230954499969395,6.6896097730922355,5.8717341919667785,5.426264754702098,6.776981239558493,6.486499820917662,5.426264754702098,6.407503768965741,6.0249933954091235,0.688276865218889,6.2837672035415055,0.38218284837955263,6.106756114861834,0.5906449546851587,0.08176271945271019,0.25877380813238204,-0.17701108867967186,31193238.5,31192552.85
3285585,24336503,5584587,2584,1225,PSR1600155129.hg.1,2,31191606.0,31194871.0,probeset_region,105.0,167.88889,115.44444,95.666664,84.888885,131.0,88.666664,62.77778,88.666664,6.727920454563199,7.399930577923136,6.863497979089623,6.594946551338986,6.424399545525795,7.044394119358453,6.486499820917662,5.994981944409141,6.486499820917662,6.687913405407745,0.32028182099842356,6.9971163371919864,0.35537276301235876,6.322660528748155,0.28377797831370777,-0.3652528766595893,0.30920293178424174,-0.674455808443831,31193238.5,31193009.95
3749432,24336503,5584588,111,1399,PSR1600155129.hg.1,2,31191606.0,31194871.0,probeset_region,80.55556,79.0,81.666664,64.22222,65.0,115.44444,106.0,79.111115,72.111115,6.349711281392425,6.321928094887363,6.369233765283099,6.02729167291665,6.044394119358453,6.863497979089623,6.741466986401147,6.323930508863084,6.192018839204111,6.311727923788243,0.4779233922544914,6.346957713854295,0.02377274097654251,6.419138778156114,0.2868305728490161,0.10741085436787134,0.03522979006605276,0.07218106430181859,31193238.5,31193467.05
3889378,24336503,5584589,697,1451,PSR1600155129.hg.1,2,31191606.0,31194871.0,probeset_region,62.77778,112.666664,50.333332,54.0,50.666668,116.333336,44.333332,72.333336,64.77778,5.994981944409141,6.828665396024747,5.68182400423709,5.78135971352466,5.691161940059176,6.874469149185714,5.502500300062676,6.196397262834819,6.039528382779356,6.115663600923184,0.658690598566605,6.16849044822366,0.5927817432675596,5.912808648558951,0.3638910098048161,-0.20285495236423312,0.05282684730047649,-0.2556817996647096,31193238.5,31193924.15
4556962,24336503,5584590,961,1700,PSR1600155129.hg.1,2,31191606.0,31194871.0,probeset_region,519.7778,878.7778,727.7778,445.22223,572.6667,782.44446,491.22223,435.22223,500.66666,9.024524059249616,9.780995339466905,9.509335144849397,8.801618574434535,9.164068932484135,9.613687188790358,8.94316600187707,8.768919478452569,8.970585241671715,9.193124898569677,0.4068132808541527,9.438284847855305,0.3832079174229146,8.894223574000451,0.10937911568729101,-0.2989013245692256,0.2451599492856289,-0.5440612738548545,31193238.5,31194381.25
1304047,23542198,1476109,1566,486,JUC1600052020.hg.1,1,,,junction,447.44446,566.44446,535.55554,513.6667,395.33334,477.55554,535.3333,543.8889,414.44446,8.808785501298889,9.14833537675419,9.067583710261045,9.007494593577439,8.630570536053565,8.902542565910242,9.066986055275677,9.089818334071564,8.698511801516748,8.846869231847082,0.19453168476972174,9.008234862771374,0.1773844518389133,8.95177206362133,0.21962672539951608,0.10490283177424864,0.16136563092429235,-0.05646279915004371,,
1958927,23542198,1476110,2526,730,JUC1600052020.hg.1,1,,,junction,394.55554,456.55554,321.66666,286.66666,287.0,363.44446,280.77777,407.1111,367.1111,8.62773647494228,8.837803070423979,8.333900691070422,8.168254197440929,8.169925001442312,8.509555151755277,8.138413993975044,8.672818191276157,8.523997499928035,8.282578116879506,0.19656965347492122,8.59981341214556,0.2531090181256015,8.445076561726411,0.27580490820184816,0.16249844484690534,0.31723529526605354,-0.1547368504191482,,
2642008,23542198,1476111,2207,985,JUC1600052020.hg.1,1,,,junction,518.44446,529.0,515.0,438.55554,398.8889,465.33334,467.8889,381.0,458.77777,9.020825685890687,9.049848549450562,9.011227255423254,8.77990166479955,8.64345537324914,8.865217777914332,8.873102271719164,8.57742882803575,8.844792907138064,8.762858271987673,0.11185928195562059,9.027300496921502,0.02010829359989343,8.765108002297659,0.16315011299251556,0.0022497303099857646,0.26444222493382874,-0.262192494623843,,
4368491,23542198,1476112,90,1630,JUC1600052020.hg.1,1,,,junction,447.77777,406.1111,185.11111,370.8889,517.44446,597.0,433.77777,446.66666,429.55554,8.809857407459557,8.669278798670886,7.540020405075294,8.538727821089882,9.018045628285186,9.224001674198105,8.764134370955258,8.806281055923293,8.750055548158846,8.926925041191057,0.35160671848349473,8.339718870401912,0.6961169534615219,8.773490325012466,0.029257090389902162,-0.15343471617859095,-0.5872061707891447,0.4337714546105538,,
1898352,23542199,1476113,911,708,JUC1600052021.hg.1,1,,,junction,499.55554,559.1111,545.55554,466.33334,516.7778,570.44446,503.55554,469.55554,488.1111,8.967386350166416,9.1295691676959,9.094224302478976,8.868308164692861,9.016189219203381,9.15846947115285,8.978869281199763,8.878221211192777,8.934018438450963,9.014322285016364,0.14508966201658183,9.06372660678043,0.08528422279437883,8.930369643614501,0.05042314723271204,-0.0839526414018632,0.04940432176406517,-0.13335696316592838,,
3514343,23542199,1476114,862,1311,JUC1600052021.hg.1,1,,,junction,755.55554,831.7778,798.6667,798.55554,595.7778,777.8889,606.7778,581.2222,717.8889,9.563302190544917,9.701787749644394,9.643254978277204,9.64305444533582,9.221049988318674,9.605273777701102,9.247400100139778,9.185426111786912,9.489625049876578,9.489792737118533,0.233503412150891,9.636114972822172,0.06951832332699855,9.307483753934422,0.16075379489674924,-0.18230898318411093,0.14632223570363934,-0.32863121888775026,,
4097627,23542199,1476115,2586,1528,JUC1600052021.hg.1,1,,,junction,645.55554,482.0,413.44446,587.44446,319.77777,461.55554,360.66666,329.55554,541.7778,9.33663049904432,8.915879378835774,8.695034960914827,9.200762438618348,8.32543036029311,8.853482799394222,8.49851678603229,8.368748892443637,9.084217827387823,8.793225199435227,0.4407661461601933,8.982514946264972,0.3259469784671691,8.650494501954583,0.3811782638349933,-0.14273069748064415,0.1892897468297452,-0.33202044431038935,,
4392699,23542199,1476116,178,1639,JUC1600052021.hg.1,1,,,junction,320.66666,321.8889,338.66666,230.33333,367.0,430.8889,210.77777,252.66667,307.8889,8.329422585809873,8.334893971039959,8.407975792238025,7.853829320136962,8.523561956057012,8.754516379570012,7.726407356268721,7.986790171709826,8.270944150331307,8.37730255192133,0.46781743739532905,8.357430783029287,0.04385866483396034,7.994713892769951,0.2723548586652506,-0.38258865915137896,-0.019871768892043562,-0.3627168902593354,,
3695700,23542200,1476117,2659,1378,JUC1600052022.hg.1,1,,,junction,625.2222,328.44446,216.66667,399.22223,228.44444,181.55556,306.44446,310.8889,448.22223,9.290530910491015,8.363891447387422,7.765976714537034,8.644657488910138,7.8420010542040695,7.512191776906288,8.264181990814274,8.284888331385297,8.81128550860903,7.999616773340165,0.5824531598379289,8.473466357471823,0.7681610311583277,8.453451943602866,0.310065853196907,0.4538351702627015,0.4738495841316581,-0.020014413868956638,,
4136708,23542200,1476118,1467,1543,JUC1600052022.hg.1,1,,,junction,1030.6666,1003.55554,967.0,832.1111,765.8889,912.3333,733.0,848.2222,849.55554,10.01076113647894,9.972341617714324,9.918863237274595,9.702365061870522,9.582873808024855,9.834997644989828,9.519636252843213,9.72999832509476,9.732261637938928,9.706745504961736,0.12611898549679817,9.967321997155954,0.04615412671100549,9.660632071958966,0.12211120506468444,-0.04611343300276971,0.2605764921942182,-0.3066899251969879,,
4166366,23542200,1476119,1645,1554,JUC1600052022.hg.1,1,,,junction,783.7778,774.55554,728.44446,657.3333,569.3333,714.44446,687.1111,548.7778,592.44446,9.61614036725455,9.599086294424009,9.510654321163562,9.3626743926458,9.155661492304132,9.482695960546408,9.426497672401247,9.102704765737954,9.212969200423093,9.333677281832115,0.16543430775169654,9.575293660947374,0.056625025702357286,9.24739054618743,0.1646179922868005,-0.08628673564468414,0.2416163791152588,-0.32790311475994294,,
6164990,23542200,1476120,989,2300,JUC1600052022.hg.1,1,,,junction,1301.6666,1317.6666,1370.8889,1125.3334,1099.6666,1273.0,1006.44446,943.3333,1256.6666,10.347252206183198,10.364864165520705,10.421947953635298,10.137418186561684,10.104161850857688,10.3151495622563,9.97648458756868,9.883152354575008,10.296533837412506,10.185576533225223,0.11343885293553664,10.378021441779735,0.0390473956977195,10.05205692651873,0.21680508849890534,-0.13351960670649277,0.19244490855451168,-0.32596451526100445,,
2084399,23542201,1476121,2038,777,JUC1600052023.hg.1,1,,,junction,1944.4445,2560.3333,2365.889,2019.4445,1693.6666,2328.4443,2061.6667,1962.0,2035.1111,10.92588407694894,11.322679257106204,11.20877628305653,10.980456977060436,10.72678577964371,11.185770141089822,11.010295037647799,10.938844457466171,10.991600557245462,10.964337632597989,0.2299163673217901,11.152446539037223,0.20430708209694856,10.98024668411981,0.0370537336619111,0.015909051521822093,0.1881089064392345,-0.1721998549174124,,
2463990,23542201,1476122,1069,919,JUC1600052023.hg.1,1,,,junction,2167.6667,2824.889,2548.889,1872.7778,1939.7778,2438.0,2288.6667,1941.6666,2189.7778,11.082592660457765,11.464489039978947,11.316218683195578,10.871734191966778,10.922419261563922,11.252074042796185,11.160921919697701,10.923822631125402,11.097227471921169,11.015409165442295,0.20651862434103985,11.287766794544098,0.1925314095121205,11.060657340914759,0.12270716776839963,0.04524817547246407,0.27235762910180306,-0.227109453629339,,
3758383,23542201,1476123,1022,1402,JUC1600052023.hg.1,1,,,junction,2334.4443,2642.3333,2568.6667,2114.111,2165.4443,2571.3333,2180.7778,2276.111,2128.111,11.18948134434785,11.368142605453983,11.327365557655453,11.046517719215318,11.081113453513456,11.328861844044756,11.091288485798707,11.152988956639186,11.056035507412654,11.152164338924512,0.15399909884377985,11.29499650248576,0.09362573553485311,11.100104316616848,0.049074249703801205,-0.052060022307664156,0.1428321635612484,-0.19489218586891255,,
4838241,23542201,1476124,840,1805,JUC1600052023.hg.1,1,,,junction,2204.3333,2398.6667,2291.111,2166.4443,2095.2222,2313.7778,1913.7778,2208.4443,2288.0,11.10678096521244,11.228618351194779,11.162461248665247,11.081779227452623,11.033575913579902,11.17665801766909,10.902961293407236,11.10946786939877,11.160501747555687,11.097337719567205,0.072798847074023,11.165953521690822,0.060993722086098476,11.057643636787232,0.13636746201011002,-0.03969408277997388,0.06861580212361673,-0.10830988490359061,,
855827,23542202,1476125,906,319,JUC1600052024.hg.1,1,,,junction,800.8889,1054.0,1186.4445,923.1111,782.3333,1257.8889,909.1111,850.55554,773.44446,9.647258586787677,10.043027283594547,10.213644318500888,9.851922472888832,9.613482503260943,10.297935270352985,9.829898834572502,9.733956821314974,9.597017964580365,9.92111341550092,0.3474326373552867,9.967976729627706,0.2905557407970542,9.720291206822614,0.11704032068763305,-0.20082220867830713,0.04686331412678513,-0.24768552280509226,,
1725233,23542202,1476126,1992,643,JUC1600052024.hg.1,1,,,junction,1157.5555,1441.5555,1330.3334,922.3333,748.8889,1290.3334,932.1111,809.1111,950.8889,10.178111494368412,10.494411151965473,10.378656160816515,9.850707728426544,9.550533089139526,10.334645783341632,9.86590502945171,9.661975936445169,9.894649412820462,9.911962200302566,0.3956289449039708,10.3503929357168,0.16003273342907776,9.807510126239114,0.1268531047828449,-0.10445207406345247,0.43843073541423294,-0.5428828094776854,,
1878222,23542202,1476127,2221,700,JUC1600052024.hg.1,1,,,junction,1110.3334,1465.1111,1316.8889,942.1111,976.8889,1498.2222,1083.3334,802.1111,928.2222,10.118075941087765,10.517778702077837,10.364013056322689,9.881283897976166,9.933526780294281,10.549998475070474,10.082592660457765,9.649455740692282,9.859879856717516,10.12160305111364,0.3719197616940951,10.333289233162764,0.2016148289882058,9.863976085955853,0.2165975118427317,-0.2576269651577867,0.21168618204912448,-0.4693131472069112,,
6669072,23542202,1476128,1231,2488,JUC1600052024.hg.1,1,,,junction,1139.0,1632.5555,1719.7778,1245.2222,1170.2222,1515.0,1232.3334,1007.1111,1261.8889,10.154818109052105,10.673799792878182,10.74884512909603,10.28334556976152,10.193799049848113,10.566054038171092,10.268347102279877,9.977438903146242,10.302512029597972,10.347732885926908,0.19430064061930302,10.525821010342105,0.32348155310034415,10.182766011674696,0.17863713692050365,-0.16496687425221168,0.17808812441519706,-0.34305499866740874,,
4091817,23542203,1476129,2136,1526,JUC1600052025.hg.1,1,,,junction,2055.4443,2456.111,2434.5557,1676.6666,1754.6666,2351.889,2052.6667,1739.8889,1875.1111,11.005936306000123,11.262747366900507,11.250035240679383,10.71224034678464,10.777803209996264,11.20021749468609,11.00398637676289,10.765608433988678,10.873529536592564,10.89675368382233,0.2648439835754114,11.17290630452667,0.14473988684613515,10.881041449114711,0.11936637936463391,-0.015712234707619288,0.2761526207043392,-0.2918648554119585,,
4317428,23542203,1476130,2627,1610,JUC1600052025.hg.1,1,,,junction,1863.6666,2023.1111,2255.111,1644.8889,1527.6666,2084.0,2031.2222,1939.3334,2043.0,10.864702006273049,10.983072752518286,11.139622388022886,10.68465125364071,10.578058100457929,11.025831668332026,10.988842414678679,10.922088831781052,10.997179480937621,10.762847007476887,0.23390430513391772,10.995799048938073,0.13790131631276129,10.969370242465786,0.041158541224212995,0.20652323498889835,0.23295204146118564,-0.026428806472287292,,
4348587,23542203,1476131,1626,1622,JUC1600052025.hg.1,1,,,junction,2467.4443,3199.4443,3189.6667,2349.3333,2471.7778,2810.2222,2721.6667,2343.7778,2197.111,11.26938639695909,11.644056501259648,11.639642217614298,11.198649614581617,11.271916910550473,11.456981757576793,11.410804693278642,11.195235518357553,11.102048580987377,11.309182760902962,0.1331368909355725,11.517695038611015,0.21505291817199856,11.23602959754119,0.15836887917654388,-0.07315316336177169,0.2085122777080528,-0.2816654410698245,,
6496242,23542203,1476132,2601,2423,JUC1600052025.hg.1,1,,,junction,1673.3334,2313.889,2513.7778,1598.7778,1642.8889,2291.6667,1938.5555,1581.7778,1870.3334,10.70937109401144,11.176727249569412,11.296215235474387,10.643655850473623,10.682897098445695,11.162810951015356,10.921510374792486,10.628243049220703,10.8698508791612,10.829787966644892,0.28907300111712164,11.060771193018413,0.3101304030250659,10.806534767724797,0.1565507219324678,-0.02325319892009503,0.23098322637352098,-0.254236425293616,,
2340835,23542204,1476133,1194,873,JUC1600052026.hg.1,1,,,junction,1277.1111,1927.8889,1899.1111,1006.8889,1193.7778,1641.5555,1271.1111,796.3333,1113.6666,10.319797514803689,10.913554346178726,10.891868048286064,9.977120926332693,10.22252665983448,10.681726439868383,10.313008940595681,9.639039136664609,10.122396578695183,10.293791342011852,0.35766775591406685,10.708406636422827,0.33672000376168687,10.024814885318492,0.347419723554117,-0.2689764566933608,0.4146152944109751,-0.6835917511043359,,
4413006,23542204,1476134,1725,1646,JUC1600052026.hg.1,1,,,junction,1109.8889,1807.8889,1797.2222,957.1111,957.7778,1570.0,1016.2222,827.1111,888.1111,10.117498845470303,10.82088809934646,10.81235555958897,9.90404912237781,9.905052650654282,10.617467465294196,9.990419178860641,9.693680495620253,9.796219867886734,10.142189746108762,0.4116028845049935,10.583580834801912,0.40366138859588785,9.826773180789209,0.15071028574651862,-0.31541656531955375,0.44139108869315,-0.7568076540127038,,
4504689,23542204,1476135,2288,1680,JUC1600052026.hg.1,1,,,junction,1362.4445,2116.5557,1933.4445,978.0,1341.6666,1650.8889,1285.6666,999.1111,1209.0,10.413040215726573,11.048184178758598,10.917703591211616,9.935165049603695,10.39088542356412,10.689900958282797,10.329422585809873,9.965944536074948,10.240791332161956,10.338650477150203,0.3800696517515782,10.792975995232263,0.33543955244290774,10.17871948468226,0.18952244945370755,-0.1599309924679435,0.4543255180820598,-0.6142565105500033,,
6805054,23542204,1476136,533,2539,JUC1600052026.hg.1,1,,,junction,1024.7778,1508.4445,1473.8889,841.0,911.0,1291.6666,995.55554,485.22223,845.8889,10.002502583507429,10.559801956630604,10.526390583985123,9.717676423066395,9.832890014164741,10.33613454197299,9.960806404195468,8.92547204147253,9.726028937580885,9.962233659734709,0.32889199625008836,10.362898374707719,0.31255867399846055,9.537435794416295,0.542821186851852,-0.4247978653184141,0.4006647149730096,-0.8254625802914237,,
309443,23542205,1476137,1242,115,JUC1600052027.hg.1,1,,,junction,1258.3334,1648.3334,1800.8889,1062.8889,1307.8889,1767.1111,1008.1111,1252.5555,1155.3334,10.298444532281886,10.687667319847419,10.815294358381134,10.055131807042796,10.35412694717538,10.787993201517557,9.978869281199763,10.291810204552709,10.175341675332085,10.399083985245246,0.3684932934693438,10.600468736836813,0.26923248382020865,10.14867372036152,0.1581657050184477,-0.2504102648837261,0.20138475159156677,-0.45179501647529285,,
371425,23542205,1476138,1584,138,JUC1600052027.hg.1,1,,,junction,1409.7778,1460.6666,2211.6667,1314.0,1331.1111,2116.6667,1634.0,1498.2222,1390.7778,10.462275096223713,10.51339858644897,11.111570466418376,10.360847084179664,10.379498677605186,11.048259858521229,10.675074920385445,10.549998475070474,10.442713218400757,10.59620187343536,0.3916047585183942,10.695748049697022,0.3610188561546267,10.555928871285559,0.11629431343258438,-0.04027300214980123,0.0995461762616614,-0.13981917841146263,,
1245455,23542205,1476139,1934,464,JUC1600052027.hg.1,1,,,junction,1445.6666,2029.1111,1748.0,1252.3334,1073.0,1665.4445,1210.2222,1079.8889,1216.3334,10.49851678603229,10.987342955879791,10.772314573921653,10.291554492681671,10.068778277985412,10.70255751840666,10.242247799759792,10.078002548208147,10.24950859748602,10.354296763024582,0.3215143476784055,10.752724771944578,0.24500117619731993,10.189919648484652,0.09699101915451461,-0.16437711453992954,0.3984280089199963,-0.5628051234599258,,
2370183,23542205,1476140,1062,884,JUC1600052027.hg.1,1,,,junction,1531.2222,1929.5555,1833.4445,1432.4445,1199.4445,1937.0,1471.4445,1386.8889,1326.2222,10.581409783875568,10.914800345807441,10.84112750902519,10.485270289896903,10.229352939367121,10.92035285541508,10.523997499928035,10.438676386636853,10.374194172927673,10.544992028226368,0.34934973238345474,10.779112546236066,0.17513340173597622,10.44562268649752,0.07514284734031594,-0.09936934172884726,0.23412051800969813,-0.3334898597385454,,
1324284,23542206,1476141,363,494,JUC1600052028.hg.1,1,,,junction,171.44444,622.2222,589.3333,199.88889,311.77777,508.77777,189.22223,324.66666,243.33333,7.429987826560679,9.28360288193837,9.205385946310194,7.65025393662135,8.288994174244598,8.993724655381028,7.571542036392898,8.347252206183198,7.932706857380214,8.310990922082325,0.6720054209065126,8.639658884936415,1.0483355972009483,7.950500366652103,0.38816107946080924,-0.36049055543022224,0.32866796285408917,-0.6891585182843114,,
4508055,23542206,1476142,294,1682,JUC1600052028.hg.1,1,,,junction,290.55554,526.44446,416.22223,250.33333,230.77777,353.33334,125.0,138.11111,328.8889,8.187626936060589,9.042875370086389,8.704672214409419,7.973458183351514,7.856598398865028,8.468963422228159,6.977279923499917,7.120093880656087,8.365836361715257,8.0996733348149,0.325108333950125,8.645058173518798,0.43072943523675866,7.487736721957087,0.7638017999436907,-0.6119366128578134,0.5453848387038978,-1.1573214515617112,,
4637216,23542206,1476143,815,1730,JUC1600052028.hg.1,1,,,junction,128.55556,230.77777,213.33333,172.55556,109.55556,122.111115,45.88889,107.77778,73.22222,7.017427090637926,7.856598398865028,7.743712392370742,7.439253750792996,6.7886277361131,6.943817204342939,5.551174200306211,6.765240059404375,6.21377927455436,7.057232897083011,0.33981743961183597,7.539245960624566,0.4554196003919427,6.176731178088315,0.6078802502514444,-0.8805017189946964,0.4820130635415545,-1.362514782536251,,
6108024,23542206,1476144,303,2279,JUC1600052028.hg.1,1,,,junction,384.33334,219.55556,443.1111,299.77777,280.0,291.22223,93.111115,82.44444,273.55554,8.589963219865645,7.784998301678073,8.794776866993285,8.232554138243978,8.134426320220927,8.190922116218385,6.556293209870474,6.3827440667593365,8.100954222615634,8.18596752489443,0.049251174086328633,8.389912796179,0.5337867708696202,7.0133304997484816,0.9458984343872264,-1.1726370251459484,0.20394527128457085,-1.3765822964305192,,
1788377,23542207,1476145,816,667,JUC1600052029.hg.1,1,,,junction,623.1111,1207.6666,1201.7778,510.77777,622.2222,1017.3333,555.8889,500.33334,532.1111,9.285659023430142,10.239200660454266,10.23215446813451,8.999373675233052,9.28360288193837,9.991994135161656,9.12124576815498,8.969626380230123,9.058292367441268,9.424990230777693,0.5111913840980477,9.91900471733964,0.5485047750036719,9.049721505275457,0.07617220265540482,-0.3752687255022362,0.49401448656194624,-0.8692832120641825,,
2727462,23542207,1476146,1901,1017,JUC1600052029.hg.1,1,,,junction,979.1111,1737.0,1726.6666,820.6667,979.1111,1550.4445,797.8889,1036.6666,812.55554,9.936801460667093,10.7632123668144,10.754609143685107,9.682409466266275,9.936801460667093,10.599396333709828,9.641851102871895,10.019127304175509,9.66809703281003,10.072869086881065,0.4733941570653509,10.4848743237222,0.4746645144469089,9.776358479952478,0.21065312416518792,-0.296510606928587,0.41200523684113577,-0.7085158437697228,,
2974708,23542207,1476147,2587,1109,JUC1600052029.hg.1,1,,,junction,587.3333,1470.2222,1163.6666,663.0,653.1111,1103.5555,611.0,515.0,585.44446,9.2004899175478,10.522799407818237,10.185701341791987,9.375039431346925,9.353391851040222,10.109250250337624,9.257387842692651,9.011227255423254,9.195850667250806,9.612560510908258,0.43028209046402693,9.969663555719341,0.6871170502710531,9.154821921788903,0.12810650704330676,-0.45773858911935505,0.35710304481108324,-0.8148416339304383,,
5789491,23542207,1476148,690,2160,JUC1600052029.hg.1,1,,,junction,855.0,1594.2222,1591.5555,932.3333,817.1111,1468.4445,762.1111,474.8889,781.1111,9.741466986401146,10.639541648029116,10.637127973476073,9.866248579662916,9.676152936893741,10.521055113762902,9.575749271275535,8.894480950169122,9.611229719215125,10.02115221010652,0.44323952121061816,10.339378869302111,0.5178082861849984,9.360486646886594,0.4039624952595859,-0.6606655632199256,0.31822665919559157,-0.9788922224155172,,
169712,23542208,1476149,871,63,JUC1600052030.hg.1,1,,,junction,449.1111,584.55554,591.44446,341.77777,483.33334,512.55554,690.6667,546.55554,542.55554,8.814137379112443,9.193662211664762,9.210536096675586,8.42112974405148,8.919856517212827,9.004376504922714,9.433933162836693,9.096861503515933,9.086283651085434,8.781787588729006,0.31518481526907194,9.072778562484263,0.22414867454620685,9.205692772479354,0.19773272259128832,0.4239051837503478,0.29099097375525673,0.13291420999509107,,
1341092,23542208,1476150,1091,500,JUC1600052030.hg.1,1,,,junction,248.77777,318.55554,365.22223,266.44446,366.44446,317.8889,245.44444,246.22223,283.0,7.9645012796081875,8.319922897762549,8.516575552456658,8.063095498198047,8.521382382002576,8.316910004780125,7.945118638794339,7.949664658874143,8.149747119504681,8.300462628326917,0.22958572279425765,8.266999909942465,0.2798162480363593,8.014843472391055,0.11685209488092184,-0.28561915593586207,-0.03346271838445247,-0.2521564375514096,,
1624922,23542208,1476151,841,606,JUC1600052030.hg.1,1,,,junction,876.8889,830.1111,705.44446,706.55554,850.2222,708.6667,849.44446,820.55554,824.6667,9.777894589156942,9.698897506244387,9.464432327394663,9.466699591445835,9.733392015960348,9.470997775090986,9.732073207235098,9.682214302926939,9.689415688074305,9.557029794165723,0.15274928331391371,9.647074807598663,0.16303018572790426,9.701234399412114,0.02694882257107693,0.14420460524639012,0.09004501343294002,0.05415959181345009,,
4176354,23542208,1476152,913,1558,JUC1600052030.hg.1,1,,,junction,812.44446,875.8889,751.0,708.0,715.2222,747.1111,1178.4445,851.3333,1048.0,9.667900031809872,9.77625028391131,9.554588851677638,9.469641817239516,9.48426348527766,9.547108695736018,10.203891765941123,9.735273910083606,10.034798962577268,9.500337999417733,0.04115910372721262,9.666246389132938,0.11083996813220368,9.991321546200666,0.23731495529825414,0.49098354678293354,0.16590838971520583,0.3250751570677277,,
739605,23542209,1476153,2604,275,JUC1600052031.hg.1,1,,,junction,537.2222,970.2222,815.44446,429.0,357.22223,680.7778,346.8889,467.77777,427.55554,9.0720581664302,9.923657631659399,9.673210933636135,8.74819284958946,8.484711054398035,9.413157751710047,8.442482777634538,8.87276034990595,8.743338383526549,8.882020551899181,0.47847226446944663,9.556308910575245,0.43766993790008163,8.686193837022346,0.22075738197469966,-0.19582671487683534,0.6742883586760637,-0.8701150735528991,,
1639867,23542209,1476154,2386,611,JUC1600052031.hg.1,1,,,junction,811.1111,1167.5555,806.44446,604.8889,606.55554,924.55554,560.3333,647.8889,708.0,9.665533268604312,10.190510592383465,9.657219213776212,9.242909503269013,9.246872493956316,9.854175757668912,9.132713870055976,9.34182771263679,9.469641817239516,9.44798591829808,0.35177630040961194,9.837754358254662,0.3055241421139606,9.314727799977428,0.17009090025024082,-0.13325811832065249,0.3897684399565815,-0.523026558277234,,
2430501,23542209,1476155,2420,906,JUC1600052031.hg.1,1,,,junction,825.7778,1088.5555,966.6667,606.0,570.1111,898.2222,522.55554,552.7778,735.2222,9.691355790312622,10.089524026883936,9.91836638623796,9.245552706255681,9.157627574113544,9.812533889565449,9.03219878501331,9.11316333391413,9.523997499928035,9.405238056644892,0.3554576329907562,9.899748734478171,0.19973594786959092,9.223119872951825,0.2636936183448598,-0.18211818369306698,0.4945106778332793,-0.6766288615263463,,
2883437,23542209,1476156,2436,1075,JUC1600052031.hg.1,1,,,junction,891.1111,1248.0,1261.1111,889.8889,829.55554,1211.8889,760.1111,753.0,835.6667,9.80107955276258,10.286557761607957,10.301623178548764,9.799101744637177,9.697932838970619,10.24423171009827,9.571963219873892,9.558420713268664,9.708509183198698,9.913755431235355,0.29063674068629236,10.129753497639769,0.28473964112457056,9.612964372113751,0.08302082910470016,-0.30079105912160387,0.21599806640441344,-0.5167891255260173,,
2656226,23542210,1476157,345,991,JUC1600052032.hg.1,1,,,junction,1884.7778,2283.889,2227.5557,1951.1111,2023.3334,2009.0,2160.7778,2011.1111,2181.889,10.880944003354488,11.157908312436028,11.121893281180967,10.930819435797273,10.983231182127803,10.972979786066292,11.078002548208147,10.97449423985001,11.092023000244563,10.962343467997123,0.02777762111674312,11.05358186565716,0.1505893231421248,11.048173262767572,0.06419183812909134,0.08582979477044894,0.09123839766003705,-0.00540860288958811,,
4000254,23542210,1476158,1693,1492,JUC1600052032.hg.1,1,,,junction,2375.3333,2724.5557,2671.7778,2256.4443,2212.889,2481.7778,2510.3333,2431.0,2286.5557,11.214521455492143,11.412334669437705,11.384124206811867,11.140474698832445,11.112367120000197,11.277739454365722,11.294237770475444,11.247927513443585,11.159591134196408,11.176860424399456,0.0884869652104425,11.336993443913904,0.10699765656955336,11.23391880603848,0.06840769019405787,0.05705838163902399,0.1601330195144488,-0.10307463787542481,,
6174288,23542210,1476159,2247,2303,JUC1600052032.hg.1,1,,,junction,1634.3334,1919.0,1917.6666,1619.5555,1443.4445,1952.2222,1626.7778,1628.5555,1813.2222,10.675369053733354,10.906890595608518,10.9058883454232,10.662272752268477,10.496299014907807,10.931640341617138,10.668688090839366,10.670262810590108,10.825135422447282,10.696737369597807,0.21970747613816646,10.82938266492169,0.13338064121083187,10.72136210795892,0.08987377557162558,0.02462473836111201,0.1326452953238828,-0.1080205569627708,,
6387827,23542210,1476160,1386,2383,JUC1600052032.hg.1,1,,,junction,864.0,960.0,1003.1111,836.2222,781.8889,914.0,788.7778,660.6667,877.7778,9.756556322524087,9.90839262077375,9.971703166947107,9.70946680672902,9.612663808041363,9.837627933171404,9.625302952198195,9.369960835669424,9.779354566500748,9.719919515980596,0.11284572985675936,9.878884036748316,0.11056721288286755,9.591539451456123,0.20677472572286879,-0.12838006452447281,0.15896452076771972,-0.28734458529219253,,
1162916,23542211,1476161,2475,433,JUC1600052033.hg.1,1,,,junction,377.55554,564.3333,542.2222,397.44446,378.66666,511.1111,467.55554,349.1111,395.8889,8.564361178963328,9.14295790192275,9.08539870657669,8.638234820536557,8.568589492332382,9.000313060446855,8.872076263074849,8.451669051547794,8.632591351353167,8.735712457771932,0.23178163675562477,8.930905929154257,0.3187390086914671,8.652112221991937,0.21088232303552634,-0.0836002357799952,0.1951934713823249,-0.2787937071623201,,
2485032,23542211,1476162,671,927,JUC1600052033.hg.1,1,,,junction,400.33334,491.1111,561.44446,363.1111,396.66666,449.55554,334.66666,375.33334,327.0,8.648657212606285,8.94284029038375,9.135566825459014,8.508234969535772,8.63541579006916,8.815561154231931,8.39088542356412,8.555867309048796,8.357552004618084,8.65307063794562,0.1544218773041245,8.909021442816348,0.2452101723220082,8.434768245743667,0.10619094384500433,-0.21830239220195224,0.25595080487072863,-0.4742531970726809,,
3230450,23542211,1476163,1049,1205,JUC1600052033.hg.1,1,,,junction,613.44446,765.3333,732.7778,519.55554,529.3333,653.1111,557.44446,436.44446,548.44446,9.263138795526093,9.581828211695537,9.519199390137342,9.023908293514005,9.050755564264122,9.353391851040222,9.125269989478182,8.772956040448816,9.10182983981796,9.142685236272783,0.18297035857413604,9.454722132452991,0.16884526514971046,9.00001862324832,0.19699091992959794,-0.14266661302446337,0.31203689618020825,-0.4547035092046716,,
5569923,23542211,1476164,882,2078,JUC1600052033.hg.1,1,,,junction,336.33334,512.8889,488.66666,360.66666,393.66666,459.33334,304.0,351.55554,604.7778,8.398031117478647,9.005312725004499,8.935656149864014,8.49851678603229,8.624490827722354,8.84653513541782,8.252665432450248,8.461706748972572,9.242644829211923,8.656514249724156,0.17620532779909426,8.779666664115721,0.33233609111531776,8.652339003544915,0.5217952604860001,-0.004175246179240588,0.12315241439156566,-0.12732766057080624,,
2237615,23542212,1476165,2494,834,JUC1600052034.hg.1,1,,,junction,597.0,648.8889,658.7778,524.1111,455.22223,663.0,576.2222,523.55554,763.2222,9.224001674198105,9.344049332517265,9.365836361715257,9.03647883800329,8.833592932111763,9.375039431346925,9.172983049299235,9.034951728858093,9.57784841188691,9.08170373382066,0.27354167193459217,9.311295789476876,0.07637974588885477,9.261927730014747,0.28216585420920604,0.18022399619408702,0.22959205565621588,-0.049368059462128855,,
3284084,23542212,1476166,1083,1225,JUC1600052034.hg.1,1,,,junction,1167.0,1300.3334,1361.1111,1089.8889,903.0,1225.5555,1086.5555,1081.4445,1141.6666,10.189824558880018,10.345774881951932,10.411628648642294,10.091288485798707,9.820178962415188,10.260396849452343,10.086873366644614,10.080077284475557,10.158188842017296,10.05728809922208,0.22206973394045507,10.315742696491414,0.11391098578042941,10.108379831045822,0.043269502697389814,0.05109173182374249,0.25845459726933484,-0.20736286544559235,,
6073377,23542212,1476167,496,2266,JUC1600052034.hg.1,1,,,junction,615.55554,732.8889,695.8889,681.55554,586.3333,784.44446,546.6667,357.33334,856.6667,9.268087054471527,9.519417898018215,9.444784898830495,9.414802637853168,9.198035658224729,9.617365450030302,9.097154317823025,8.485158484711535,9.744273275235386,9.4100679153694,0.20970498747448785,9.410763283773411,0.1290732386972282,9.108862025923315,0.6296390368700956,-0.3012058894460843,0.0006953684040116315,-0.3019012578500959,,
6488032,23542212,1476168,2431,2420,JUC1600052034.hg.1,1,,,junction,718.3333,728.55554,619.3333,411.0,445.8889,737.1111,555.3333,483.77777,778.6667,9.490516607962821,9.510874006309127,9.276899792021972,8.686500527183219,8.803772353916356,9.527694144615104,9.119805685882234,8.921179736751947,9.606713683277752,9.005989008571559,0.4555988993259222,9.426096802097973,0.12960870641500666,9.215899701970644,0.3527247409890763,0.20991069339908464,0.42010779352641414,-0.2101971001273295,,
232205,23542213,1476169,1724,86,JUC1600052035.hg.1,1,,,junction,151.22223,198.22223,233.55556,131.88889,95.0,201.66667,164.11111,162.0,112.22222,7.2500352406793835,7.638234820536557,7.873785872332972,7.054076635943452,6.584962500721156,7.662965048929303,7.367293428724519,7.348728154231077,6.823013323921844,7.100668061864636,0.5405094302718886,7.5873519778496386,0.3149730311978931,7.17967830229248,0.3090203835531713,0.0790102404278441,0.4866839159850027,-0.4076736755571586,,
1474622,23542213,1476170,621,550,JUC1600052035.hg.1,1,,,junction,267.0,237.11111,190.0,228.11111,157.55556,209.22223,146.44444,223.44444,152.66667,8.066089190457772,7.8954911537790595,7.577428828035749,7.839903637277668,7.308844633460065,7.715771418437842,7.204027637338748,7.810214565298934,7.263660487460414,7.621506563058525,0.27779545281321405,7.846336390757528,0.24801084753772987,7.425967563366032,0.3341007902927289,-0.19553899969249322,0.2248298276990024,-0.4203688273914956,,
4143660,23542213,1476171,379,1546,JUC1600052035.hg.1,1,,,junction,121.0,141.22223,116.44444,114.55556,103.77778,141.77777,144.22223,81.888885,106.888885,6.930737337562887,7.152003162238109,6.875834639113711,6.852442832753238,6.711188970904989,7.157627574113543,7.182118491725053,6.373106759794749,6.753402438634389,6.907086459257257,0.22818041337247635,6.986191712971568,0.14619731223641938,6.7695425633847295,0.40474729563078604,-0.13754389587252724,0.0791052537143111,-0.21664914958683834,,
5674431,23542213,1476172,870,2117,JUC1600052035.hg.1,1,,,junction,144.44444,195.88889,162.88889,123.55556,172.11111,151.66667,162.44444,127.111115,163.33333,7.184324363685679,7.621237862266454,7.356574207845061,6.96064558100074,7.43555454487838,7.254241335440807,7.352656514847338,7.001251834394679,7.360481291004058,7.2168138204399765,0.23965651493791376,7.387378811265731,0.22007963105306153,7.238129880082025,0.20517970946701353,0.0213160596420483,0.1705649908257545,-0.1492489311837062,,
163036,23542214,1476173,2235,60,JUC1600052036.hg.1,1,,,junction,851.0,1228.1111,1276.7778,766.3333,829.44446,1239.8889,945.7778,739.44446,941.2222,9.734709620225837,10.263399593433036,10.31942130053252,9.583709579159503,9.697739870501481,10.277158256305706,9.8868820238044,9.53224771035034,9.879923558392107,9.85286923532223,0.37184218000547115,10.105843504730464,0.32262962989658195,9.766351097515615,0.2027693319314209,-0.08651813780661399,0.2529742694082344,-0.3394924072148484,,
1725233,23542214,1476174,1992,643,JUC1600052036.hg.1,1,,,junction,1157.5555,1441.5555,1330.3334,922.3333,748.8889,1290.3334,932.1111,809.1111,950.8889,10.178111494368412,10.494411151965473,10.378656160816515,9.850707728426544,9.550533089139526,10.334645783341632,9.86590502945171,9.661975936445169,9.894649412820462,9.911962200302566,0.3956289449039708,10.3503929357168,0.16003273342907776,9.807510126239114,0.1268531047828449,-0.10445207406345247,0.43843073541423294,-0.5428828094776854,,
1878222,23542214,1476175,2221,700,JUC1600052036.hg.1,1,,,junction,1110.3334,1465.1111,1316.8889,942.1111,976.8889,1498.2222,1083.3334,802.1111,928.2222,10.118075941087765,10.517778702077837,10.364013056322689,9.881283897976166,9.933526780294281,10.549998475070474,10.082592660457765,9.649455740692282,9.859879856717516,10.12160305111364,0.3719197616940951,10.333289233162764,0.2016148289882058,9.863976085955853,0.2165975118427317,-0.2576269651577867,0.21168618204912448,-0.4693131472069112,,
6669072,23542214,1476176,1231,2488,JUC1600052036.hg.1,1,,,junction,1139.0,1632.5555,1719.7778,1245.2222,1170.2222,1515.0,1232.3334,1007.1111,1261.8889,10.154818109052105,10.673799792878182,10.74884512909603,10.28334556976152,10.193799049848113,10.566054038171092,10.268347102279877,9.977438903146242,10.302512029597972,10.347732885926908,0.19430064061930302,10.525821010342105,0.32348155310034415,10.182766011674696,0.17863713692050365,-0.16496687425221168,0.17808812441519706,-0.34305499866740874,,
641140,23542215,1476177,619,239,JUC1600052037.hg.1,1,,,junction,90.55556,241.44444,203.66667,101.888885,138.22223,187.77777,117.44444,165.11111,91.77778,6.516575552456658,7.921510374792486,7.6771323805020835,6.6849433342719635,7.121245768154979,7.560545083914293,6.888066700666038,7.376004797093027,6.535707399101006,7.122244728780411,0.4378017295944882,7.371739435917076,0.7506058231220151,6.933259632286691,0.4219676884186656,-0.1889850964937203,0.24949470713666422,-0.4384798036303845,,
1130829,23542215,1476178,2548,421,JUC1600052037.hg.1,1,,,junction,123.55556,127.111115,122.333336,100.0,84.44444,165.0,85.77778,182.11111,128.11111,6.96064558100074,7.001251834394679,6.946418989543506,6.658211482751795,6.416914757893013,7.3750394313469245,6.439253750792996,7.516575552456658,7.012469389851681,6.81672189066391,0.49834213601966304,6.969438801646309,0.028454362857203763,6.989432897700445,0.53903021813525,0.1727110070365354,0.1527169109823987,0.019994096054136712,,
2027572,23542215,1476179,1491,756,JUC1600052037.hg.1,1,,,junction,121.0,168.55556,137.44444,52.88889,104.666664,192.77777,48.0,107.44444,103.111115,6.930737337562887,7.405614259818024,7.113163333914129,5.751915946979486,6.723376494696201,7.5982592728442935,5.614709844115208,6.760812313565472,6.701980283204663,6.691183904839993,0.9235925461872334,7.14983831043168,0.23955336200844704,6.359167480295114,0.6453899449162683,-0.3320164245448787,0.45865440559168746,-0.7906708301365661,,
5420732,23542215,1476180,1771,2022,JUC1600052037.hg.1,1,,,junction,135.88889,162.0,179.33333,88.22222,85.111115,114.0,94.333336,63.555557,134.88889,7.0968615035159335,7.348728154231077,7.494522242414754,6.479331162367792,6.42812755552904,6.845490050944375,6.574908874542861,6.012469389851681,7.086283651085434,6.5843162562804025,0.22762747110730852,7.313370633387255,0.20117438088771386,6.5578873051599915,0.5371094555818579,-0.026428951120410993,0.7290543771068521,-0.755483328227263,,
2122119,23542216,1476181,2238,791,JUC1600052038.hg.1,1,,,junction,99.22222,198.55556,173.0,207.44444,193.22223,151.33333,146.44444,229.33333,160.22223,6.647058609610308,7.64064664555595,7.442943495848728,7.70351909933864,7.601564518433066,7.251087806166717,7.204027637338748,7.847579367809245,7.332906863310246,7.518723807979474,0.2373193128290373,7.243549583671662,0.5259493753713718,7.461504622819413,0.3405036640933192,-0.057219185160061414,-0.27517422430781213,0.21795503914775072,,
3087269,23542216,1476182,2588,1151,JUC1600052038.hg.1,1,,,junction,71.22222,127.22222,77.111115,59.444443,67.22222,138.33333,56.0,84.44444,74.22222,6.174370889539828,7.002502497665137,6.287455940258328,5.91753779934152,6.092169826001337,7.122396578695182,5.832890014164741,6.416914757893013,6.233087005874354,6.37736806801268,0.651094998814435,6.488109775821098,0.44905117903039854,6.160963925977369,0.29861769758687834,-0.21640414203531044,0.11074170780841808,-0.3271458498437285,,
3416915,23542216,1476183,2594,1274,JUC1600052038.hg.1,1,,,junction,113.55556,216.55556,188.44444,120.77778,132.77777,130.33333,236.0,203.66667,105.666664,6.839903637277668,7.765240059404375,7.565631009557915,6.928107091560997,7.063694602181909,7.037089262862683,7.888743248898259,7.6771323805020835,6.736965559769676,7.0096303188685285,0.07184349979677708,7.390258235413319,0.486958500246112,7.4342803963900055,0.6130911644559678,0.424650077521477,0.3806279165447908,0.04402216097668621,,
3599022,23542216,1476184,2461,1342,JUC1600052038.hg.1,1,,,junction,275.8889,286.22223,284.44446,315.22223,247.22223,270.44446,224.66667,236.66667,318.1111,8.11316333391413,8.166023597823859,8.15706624201056,8.304794976024127,7.9554885084569005,8.084513218912635,7.818049555370501,7.892795796597597,8.317915047710668,8.114932234464554,0.17662881829258306,8.145417724582849,0.02828988942801451,8.009586799892922,0.26962285037838685,-0.10534543457163181,0.030485490118294933,-0.13583092468992675,,
