probe_id,fsetid,atom,x,y,man_fsetid,type,start,stop,feature_type,P_SKMel29_AdDNp73beta_1.CEL,P_SKMel29_AdDNp73beta_2.CEL,P_SKMel29_AdDNp73beta_3.CEL,P_SKMel29_AdGFP_1.CEL,P_SKMel29_AdGFP_2.CEL,P_SKMel29_AdGFP_3.CEL,P_SKMel29_AdTAp73alpha_1.CEL,P_SKMel29_AdTAp73alpha_2.CEL,P_SKMel29_AdTAp73alpha_3.CEL,log2_P_SKMel29_AdDNp73beta_1.CEL,log2_P_SKMel29_AdDNp73beta_2.CEL,log2_P_SKMel29_AdDNp73beta_3.CEL,log2_P_SKMel29_AdGFP_1.CEL,log2_P_SKMel29_AdGFP_2.CEL,log2_P_SKMel29_AdGFP_3.CEL,log2_P_SKMel29_AdTAp73alpha_1.CEL,log2_P_SKMel29_AdTAp73alpha_2.CEL,log2_P_SKMel29_AdTAp73alpha_3.CEL,GFP_mean_log2,GFP_sd_log2,DNp73beta_mean_log2,DNp73beta_sd_log2,TAp73alpha_mean_log2,TAp73alpha_sd_log2,log2FC_TAp73alpha_vs_GFP,log2FC_DNp73beta_vs_GFP,log2FC_TAp73alpha_vs_DNp73beta,region_midpoint,probe_plot_x
719406,23696838,2066703,1165,268,PSR0100145779.hg.1,2,3652520.0,3652564.0,probeset_region,71.888885,65.111115,80.55556,84.0,75.22222,125.0,351.33334,370.77777,263.8889,6.187626936060589,6.046820930748888,6.349711281392425,6.409390936137702,6.2521397486854715,6.977279923499917,8.460797202314845,8.538296702279508,8.049243500551913,6.546270202774363,0.38145644378975146,6.194719716067301,0.15156969279644564,8.349445801715422,0.2628547304911836,1.803175598941059,-0.3515504867070627,2.1547260856481216,3652542.0,3652526.6
2143330,23696838,2066704,2009,799,PSR0100145779.hg.1,2,3652520.0,3652564.0,probeset_region,122.55556,109.111115,126.888885,157.11111,135.88889,132.44444,387.44446,441.8889,477.44446,6.949016091077759,6.7828162901715805,6.998747078438346,7.304794976024127,7.0968615035159335,7.06009541593378,8.601564518433067,8.790800982351197,8.90220764362372,7.1539172984912796,0.13195071611137185,6.910193153229229,0.11307936022002359,8.76485771480266,0.15199132221749334,1.6109404163113812,-0.24372414526205066,1.8546645615734318,3652542.0,3652532.76
5201119,23696838,2066705,1918,1940,PSR0100145779.hg.1,2,3652520.0,3652564.0,probeset_region,105.22222,80.0,86.111115,98.0,92.22222,75.666664,571.2222,562.2222,671.55554,6.730941795024953,6.339850002884624,6.444784898830495,6.6293566200796095,6.542601985878453,6.260527502367176,9.160431732613711,9.137560464518463,9.393509605173183,6.477495369441747,0.1928416011808924,6.505192232246691,0.20242278013535217,9.230500600768453,0.1416323598752672,2.753005231326706,0.027696862804944544,2.7253083685217616,3652542.0,3652538.92
5664136,23696838,2066706,1295,2113,PSR0100145779.hg.1,2,3652520.0,3652564.0,probeset_region,569.44446,449.66666,455.22223,591.2222,461.1111,426.66666,1706.4445,1379.1111,1765.2222,9.155942613435839,8.815916902996266,8.833592932111763,9.209994832724886,8.852095978790135,8.740342920052424,10.737622934064735,10.430568677653646,10.786451111491747,8.934144577189148,0.24534100583403814,8.93515081618129,0.191415448181419,10.651547574403375,0.1929243435501512,1.7174029972142275,0.0010062389921419168,1.7163967582220856,3652542.0,3652545.08
6341809,23696838,2066707,928,2366,PSR0100145779.hg.1,2,3652520.0,3652564.0,probeset_region,181.44444,190.0,224.66667,205.11111,210.77777,222.33333,621.55554,915.7778,843.1111,7.511313396928806,7.577428828035749,7.818049555370501,7.687278493800386,7.726407356268721,7.803054751767591,9.28205874435646,9.840428253434888,9.721289058100416,7.738913533945566,0.058892604266459245,7.635597260111685,0.16142937338514887,9.614592018630589,0.29407876638893987,1.8756784846850225,-0.10331627383388131,1.9789947585189038,3652542.0,3652551.24
6477107,23696838,2066708,2226,2416,PSR0100145779.hg.1,2,3652520.0,3652564.0,probeset_region,549.7778,422.8889,538.44446,719.55554,604.8889,507.0,1982.6666,2693.5557,2695.3333,9.105326524264223,8.727542328738936,9.075330615138235,9.492965830540198,9.242909503269013,8.988684686772165,10.95395387214957,11.395831674855115,11.396783101370277,9.24152000686046,0.25214344333176875,8.969399822713799,0.20999100977166582,11.248856216124986,0.25539336456679873,2.007336209264526,-0.2721201841466616,2.2794563934111878,3652542.0,3652557.4
342828,23696839,2066709,2467,127,PSR0100145780.hg.1,2,3652565.0,3652641.0,probeset_region,1731.7778,2043.2222,2019.3334,2199.111,1864.4445,2049.7778,9201.444,7871.222,7923.222,10.758870975990149,10.997336282898917,10.980377655543599,11.10336065216999,10.865303690461603,11.001955492721834,13.167801402674325,12.942555221307721,12.952053613669593,10.990206611784474,0.11946257324751197,10.912194971477556,0.13305293854181016,13.020803412550547,0.1273925495846908,2.030596800766073,-0.07801164030691865,2.1086084410729917,3652603.0,3652576.4
360012,23696839,2066710,891,134,PSR0100145780.hg.1,2,3652565.0,3652641.0,probeset_region,518.2222,304.0,339.1111,656.7778,623.1111,337.22223,8567.444,7531.3335,7224.8887,9.020208339265867,8.252665432450248,8.40986234246807,9.361456444199824,9.285659023430142,8.40182767098867,13.064817580883766,12.878881161739733,12.818959312229135,9.016314379539546,0.5335089019764342,8.560912038061394,0.4054534946881942,12.92088601828421,0.12819858831693448,3.904571638744663,-0.45540234147815184,4.359973980222815,3652603.0,3652587.04
4307707,23696839,2066711,946,1607,PSR0100145780.hg.1,2,3652565.0,3652641.0,probeset_region,237.77777,155.0,170.66667,214.0,218.22223,135.88889,1499.5555,1312.4445,1304.0,7.899524725010544,7.285402218862249,7.423466164094626,7.7481928495894605,7.776250283911311,7.0968615035159335,10.551281004913644,10.359139478775878,10.349834091457247,7.540434879005569,0.38440188538511694,7.53613103598914,0.3221903834050932,10.420084858382255,0.11371441952013585,2.879649979376686,-0.004303843016429276,2.8839538223931154,3652603.0,3652597.68
4740593,23696839,2066712,2352,1768,PSR0100145780.hg.1,2,3652565.0,3652641.0,probeset_region,388.1111,252.77777,159.44444,240.44444,341.22223,202.11111,6374.0,6098.222,6120.1113,8.604038379563363,7.987421895367501,7.325930010199859,7.915547447608377,8.418789662729274,7.666125377700855,12.638209626633582,12.574409552589024,12.579577892158511,8.000154162679502,0.3833987528222809,7.972463428376908,0.6391854721129777,12.597399023793706,0.03543736603631775,4.597244861114204,-0.0276907343025945,4.624935595416798,3652603.0,3652608.32
4778682,23696839,2066713,241,1783,PSR0100145780.hg.1,2,3652565.0,3652641.0,probeset_region,632.44446,501.55554,543.2222,719.2222,581.6667,608.1111,7776.4443,7582.8887,6989.3335,9.307074315581861,8.9731392402525,9.088052075099435,9.492298317460088,9.186527019154223,9.250561547133103,12.925080448924566,12.888722070929813,12.771145570260428,9.309795627915804,0.16126229863654548,9.122755210311267,0.16965078640829934,12.861649363371603,0.08045921537173374,3.551853735455799,-0.18704041760453727,3.738894153060336,3652603.0,3652618.96
5897581,23696839,2066714,1580,2200,PSR0100145780.hg.1,2,3652565.0,3652641.0,probeset_region,441.0,365.22223,327.8889,497.55554,411.66666,437.77777,5080.6665,6141.1113,5350.0,8.787902559391432,8.516575552456658,8.361456444199824,8.961610427985038,8.688833062929652,8.777346628719956,12.311085982967954,12.584518946614144,12.385592813601363,8.809263373211548,0.1391613511570152,8.555311518682638,0.21584584452821576,12.427065914394488,0.14135561527273033,3.6178025411829395,-0.25395185452891056,3.87175439571185,3652603.0,3652629.6
919141,23696840,2066715,2580,342,PSR0100145781.hg.1,2,3682333.0,3682365.0,probeset_region,568.0,405.1111,609.8889,884.8889,576.6667,713.2222,10858.777,10277.444,10587.556,9.152284842306582,8.665730701443332,9.25476625413402,9.790981996500058,9.174093489249813,9.480229225931462,13.406706903652987,13.327334305689885,13.370218190937832,9.48176823722711,0.3084471332516886,9.024260599294644,0.3146956874227718,13.368086466760234,0.03972921485292764,3.8863182295331242,-0.4575076379324656,4.34382586746559,3682349.0,3682337.8
964605,23696840,2066716,2484,359,PSR0100145781.hg.1,2,3682333.0,3682365.0,probeset_region,234.66667,170.66667,125.888885,261.77777,214.44444,196.88889,7690.8887,7244.3335,7095.6665,7.88060393522513,7.423466164094626,6.987421895367501,8.037699429551838,7.751172075311319,7.628546774938611,12.909122166724172,12.822836381909768,12.792925795530621,7.805806093267255,0.20997650019173517,7.430497331562418,0.4466325302393779,12.841628114721521,0.06033445190095444,5.035822021454266,-0.3753087617048365,5.411130783159103,3682349.0,3682342.28
1759563,23696840,2066717,1482,656,PSR0100145781.hg.1,2,3682333.0,3682365.0,probeset_region,492.66666,648.6667,486.8889,703.6667,596.7778,614.1111,11331.0,11075.889,10855.889,8.947393394839427,9.343555919716373,8.930408807657457,9.460797202314845,9.223465439634552,9.264703162570772,13.468114886378098,13.43526508692927,13.406323099563501,9.316321934840056,0.1268068004177022,9.073786040737753,0.23378186361123077,13.436567690956956,0.030916481241804634,4.1202457561168995,-0.24253589410230347,4.362781650219203,3682349.0,3682346.76
2394657,23696840,2066718,1416,893,PSR0100145781.hg.1,2,3682333.0,3682365.0,probeset_region,239.44444,209.11111,210.55556,266.55554,209.22223,135.88889,8051.3335,7620.1113,7973.778,7.909559772211777,7.7150086697901346,7.72489277342749,8.063694602181908,7.715771418437842,7.0968615035159335,12.975191208932907,12.895785674857068,12.961228612305565,7.625442508045228,0.48970505838570844,7.783153738476467,0.10958233388506435,12.944068498698513,0.04239294557733034,5.318625990653286,0.15771123043123936,5.160914760222046,3682349.0,3682351.24
3148279,23696840,2066719,1958,1174,PSR0100145781.hg.1,2,3682333.0,3682365.0,probeset_region,204.66667,230.44444,193.55556,338.55554,210.44444,226.22223,7919.1113,7755.4443,8169.3335,7.684164214106996,7.854522112030029,7.604038379563364,8.407503768965741,7.724134833263775,7.827960169445535,12.95130499418478,12.921179736751947,12.996179252058878,7.986532923891684,0.3682489163732712,7.714241568566796,0.12792189216894548,12.956221327665203,0.037740688589858816,4.969688403773519,-0.2722913553248878,5.241979759098407,3682349.0,3682355.72
3451191,23696840,2066720,2030,1287,PSR0100145781.hg.1,2,3682333.0,3682365.0,probeset_region,550.3333,417.44446,331.0,667.6667,578.0,391.1111,10631.444,10727.0,10710.333,9.10678096521244,8.708892329935122,8.375039431346925,9.385143433786896,9.177419537989236,8.615118725813343,13.37618568158793,13.389093521904474,13.386850411840307,9.059227232529825,0.3983862177897184,8.730237575498164,0.36633745744473634,13.384043205110904,0.006896621827065129,4.32481597258108,-0.32898965703166105,4.653805629612741,3682349.0,3682360.2
274122,23696841,2066721,761,102,PSR0100145782.hg.1,2,3682366.0,3682430.0,probeset_region,79.22222,75.44444,72.666664,66.44444,59.77778,68.0,7868.6665,7619.3335,7884.0,6.325930010199859,6.256339721263013,6.202940008865344,6.075627668546846,5.925472041472529,6.108524456778169,12.9420867840092,12.895638421833743,12.944895039677872,6.036541388932515,0.0975850891677333,6.261736580109406,0.06167235743120195,12.927540081840272,0.027663306171791597,6.890998692907757,0.22519519117689057,6.665803501730866,3682398.0,3682375.6
1067210,23696841,2066722,569,398,PSR0100145782.hg.1,2,3682366.0,3682430.0,probeset_region,477.77777,486.77777,517.44446,303.1111,400.77777,517.3333,6278.222,5855.778,5769.222,8.903212361232907,8.930080202922294,9.018045628285186,8.248454734008709,8.650253936621349,9.017736307669722,12.616370142518583,12.51589145370301,12.494411151965473,8.638814992766592,0.3847683354578121,8.950446064146796,0.060064515589795545,12.542224249395687,0.06510423135962619,3.9034092566290948,0.3116310713802033,3.5917781852488915,3682398.0,3682384.56
3239518,23696841,2066723,2077,1208,PSR0100145782.hg.1,2,3682366.0,3682430.0,probeset_region,37.333332,50.666668,58.666668,87.111115,36.22222,37.333332,8953.111,8753.444,9953.223,5.260527502367176,5.691161940059176,5.898853307288602,6.461252109781915,5.218092251046435,5.260527502367176,13.128334540309774,13.095799895162358,13.281092942269252,5.646623954398508,0.7058076659375359,5.616847583238318,0.3255870483133809,13.168409125913795,0.09893360215336287,7.521785171515288,-0.02977637116018972,7.551561542675477,3682398.0,3682393.52
4062051,23696841,2066724,1850,1515,PSR0100145782.hg.1,2,3682366.0,3682430.0,probeset_region,54.333332,75.77778,77.44444,101.333336,44.666668,53.333332,10328.333,10356.444,11111.223,5.790076897472486,6.262616914874875,6.293599340647877,6.6771323805020835,5.5130696224105,5.763765619746456,13.334459478148494,13.338380446404564,13.439859791635232,5.98465587421968,0.6126621455458794,6.115431050998413,0.282190488126592,13.370899905396096,0.059753183434877885,7.386244031176416,0.13077517677873285,7.255468854397683,3682398.0,3682402.48
6163601,23696841,2066725,2280,2299,PSR0100145782.hg.1,2,3682366.0,3682430.0,probeset_region,95.77778,99.22222,97.55556,216.88889,107.666664,149.11111,10623.889,11519.556,10812.889,6.596603919793624,6.647058609610308,6.622865317676991,7.767448796298251,6.763765619746456,7.229886990472238,13.37516010424682,13.491922682653826,13.40059778872759,7.253700468838982,0.5022651600869983,6.622175949026975,0.02523440811622433,13.422560191876078,0.06140142745169362,6.168859723037096,-0.6315245198120074,6.800384242849104,3682398.0,3682411.44
6492025,23696841,2066726,1064,2422,PSR0100145782.hg.1,2,3682366.0,3682430.0,probeset_region,70.666664,93.0,88.0,147.77777,85.22222,86.111115,10698.444,11824.223,11010.667,6.163230297673468,6.554588851677638,6.475733430966398,7.217015178120147,6.429987826560679,6.444784898830495,13.38524825331573,13.529579727768963,13.426745266191638,6.697262634503773,0.45017970665469487,6.397850860105834,0.2069774156301762,13.447191082425443,0.0743062391765389,6.749928447921669,-0.29941177439793965,7.049340222319609,3682398.0,3682420.4
906769,23696842,2066727,928,338,PSR0100145783.hg.1,2,3683060.0,3683180.0,probeset_region,61.444443,97.111115,81.44444,111.55556,28.88889,88.333336,10975.777,10625.556,10401.777,5.9645012796081875,6.616344676067488,6.365350345510325,6.814493479090099,4.901537381573214,6.4811267308071,13.422166937297321,13.375386438168318,13.344681131485974,6.065719197156805,1.0218966787385226,6.315398767062,0.32878005340806266,13.380744835650537,0.03901982628410283,7.315025638493732,0.24967956990519458,7.065346068588537,3683120.0,3683078.0
1493728,23696842,2066728,967,557,PSR0100145783.hg.1,2,3683060.0,3683180.0,probeset_region,86.111115,128.55556,110.22222,154.44444,106.888885,121.0,8536.111,8212.667,8791.0,6.444784898830495,7.017427090637926,6.7973012463977875,7.280255229987073,6.753402438634389,6.930737337562887,13.059532277508355,13.00381074178444,13.101975670949232,6.988131668728116,0.2680747057751941,6.75317107862207,0.2888604745209,13.055106230080675,0.04923190785817877,6.066974561352559,-0.23496059010604586,6.301935151458605,3683120.0,3683094.8
2766351,23696842,2066729,590,1032,PSR0100145783.hg.1,2,3683060.0,3683180.0,probeset_region,68.44444,98.111115,132.11111,209.22223,46.77778,103.22222,8297.444,8857.889,8896.223,6.11778734288509,6.630974947836241,7.056487228097357,7.715771418437842,5.578267873744566,6.70351909933864,13.018625192304418,13.112910011869442,13.119139341485209,6.665852797173682,1.0692494627696412,6.601749839606229,0.47003185938580017,13.083558181886355,0.05631980991535343,6.417705384712673,-0.06410295756745299,6.481808342280126,3683120.0,3683111.6
2876480,23696842,2066730,839,1073,PSR0100145783.hg.1,2,3683060.0,3683180.0,probeset_region,43.77778,43.444443,46.77778,43.555557,34.88889,38.0,8887.111,9394.223,9192.667,5.484711054398036,5.473931133297963,5.578267873744566,5.4775334799098125,5.165465370290141,5.285402218862249,13.11766117199305,13.197711636968549,13.166424695278357,5.309467023020734,0.15741970130764615,5.512303353813522,0.05738065956427121,13.160599168079985,0.04034193613416018,7.851132145059251,0.2028363307927874,7.648295814266463,3683120.0,3683128.4
3848506,23696842,2066731,25,1436,PSR0100145783.hg.1,2,3683060.0,3683180.0,probeset_region,392.8889,324.66666,254.55556,527.1111,407.77777,428.22223,17173.111,12782.889,12458.0,8.621644898264945,8.347252206183198,7.997493153960634,9.044697610755147,8.675172935596137,8.745580983584109,14.067947828480623,13.642039129314616,13.60490065714595,8.821817176645132,0.19620420290394144,8.322130086136259,0.3128333272946923,13.771629204980394,0.2572904224870357,4.949812028335263,-0.49968709050887306,5.449499118844136,3683120.0,3683145.2
4907620,23696842,2066732,539,1831,PSR0100145783.hg.1,2,3683060.0,3683180.0,probeset_region,52.555557,72.0,80.0,160.22223,53.333332,60.444443,10381.556,10773.333,11051.889,5.74296438045939,6.189824558880018,6.339850002884624,7.332906863310246,5.763765619746456,5.941210628984475,13.3418739860631,13.395310940640577,13.432135846718825,6.34596103734706,0.8593126499508127,6.09087964740801,0.31050069757432486,13.389773591140832,0.04538499258422504,7.043812553793773,-0.2550813899390496,7.298893943732822,3683120.0,3683162.0
1312466,23696843,2066733,1945,489,PSR0100145784.hg.1,2,3690672.0,3690706.0,probeset_region,28.333334,28.0,29.88889,33.666668,43.0,32.555557,37.22222,38.88889,27.666666,4.874469149185714,4.857980995127572,4.949016091077759,5.115477270337673,5.459431618637297,5.068479810776074,5.256339721263013,5.3179150477106685,4.8413022219841695,5.214462899917015,0.21344658621047025,4.893822078463682,0.04850514485488582,5.13851899698595,0.25923201714608535,-0.07594390293106468,-0.32064082145333295,0.24469691852226827,3690689.0,3690677.1
1607396,23696843,2066734,2075,599,PSR0100145784.hg.1,2,3690672.0,3690706.0,probeset_region,37.22222,48.88889,28.88889,49.11111,38.11111,45.333332,45.333332,43.22222,49.77778,5.256339721263013,5.64064664555595,4.901537381573214,5.647058609610308,5.289506601560198,5.533978532409223,5.533978532409223,5.466699591445835,5.666125377700855,5.490181247859909,0.18275533156541998,5.266174582797393,0.36965276869289887,5.555601167185304,0.10145597472230541,0.06541991932539482,-0.22400666506251632,0.28942658438791113,3690689.0,3690681.86
1867837,23696843,2066735,2556,696,PSR0100145784.hg.1,2,3690672.0,3690706.0,probeset_region,29.333334,37.555557,35.333332,35.77778,45.444443,40.22222,31.777779,36.22222,34.77778,4.922832169716248,5.2688669145762335,5.1832217735654496,5.200762438618348,5.537434077974026,5.365350345510325,5.034646180118381,5.218092251046435,5.160991910855191,5.367848954034233,0.16834972667048403,5.124973619285977,0.1802211052299446,5.137910114006669,0.09387594070928111,-0.2299388400275646,-0.2428753347482564,0.012936494720691805,3690689.0,3690686.62
2015348,23696843,2066736,2667,751,PSR0100145784.hg.1,2,3690672.0,3690706.0,probeset_region,38.0,26.333334,36.333332,28.88889,32.333332,35.0,31.777779,32.11111,36.11111,5.285402218862249,4.772589537454517,5.222392372198547,4.901537381573214,5.058893634019119,5.169925001442312,5.034646180118381,5.049243500551913,5.21377927455436,5.0434520056782155,0.13485848708595918,5.0934613761717715,0.2796633920546077,5.099222985074885,0.09947677133602008,0.05577097939666942,0.05000937049355603,0.005761608903113391,3690689.0,3690691.38
2478816,23696843,2066737,2495,924,PSR0100145784.hg.1,2,3690672.0,3690706.0,probeset_region,45.666668,46.555557,53.333332,54.666668,46.77778,46.11111,68.888885,60.22222,87.333336,5.54432055553413,5.571542036392898,5.763765619746456,5.798741824707655,5.578267873744566,5.557995440141064,6.126991135440856,5.9359834871526385,6.464886090264837,5.645001712864428,0.13352812206882844,5.6265427372244945,0.11961539144593032,6.175953570952777,0.2678292011024177,0.5309518580883497,-0.01845897563993315,0.5494108337282828,3690689.0,3690696.14
6723376,23696843,2066738,1935,2508,PSR0100145784.hg.1,2,3690672.0,3690706.0,probeset_region,37.77778,29.333334,30.444445,39.333332,43.88889,39.88889,36.77778,35.77778,36.77778,5.277158256305706,4.922832169716248,4.974733251112971,5.333900691070422,5.48828649493187,5.353636969569713,5.239465967068594,5.200762438618348,5.239465967068594,5.391941385190669,0.08401883896206576,5.058241225711641,0.19135550756544512,5.226564790918512,0.02234549256933796,-0.165376594272157,-0.33370015947902765,0.16832356520687064,3690689.0,3690700.9
776386,23696844,2066739,1865,289,PSR0100145785.hg.1,2,3690707.0,3690905.0,probeset_region,44.666668,44.77778,45.11111,61.88889,45.333332,63.88889,49.11111,73.22222,59.444443,5.5130696224105,5.516575552456658,5.527042511530662,5.974733251112971,5.533978532409223,6.019899566861412,5.647058609610308,6.21377927455436,5.91753779934152,5.842870450127869,0.2684597952087033,5.518895895465939,0.007269690595316315,5.926125227835397,0.28345790862976494,0.08325477770752787,-0.3239745546619295,0.40722933236945735,3690806.0,3690736.7
2014898,23696844,2066740,2217,751,PSR0100145785.hg.1,2,3690707.0,3690905.0,probeset_region,62.666668,45.555557,45.88889,46.11111,61.22222,28.666666,38.77778,76.333336,39.77778,5.99246635612844,5.540881484795891,5.551174200306211,5.557995440141064,5.959357995847494,4.890770899327012,5.3138908065674455,6.273018541849905,5.349711281392425,5.469374778438524,0.5397775578633903,5.694840680410181,0.2578027678928348,5.645540209936591,0.543707246015452,0.17616543149806763,0.22546590197165717,-0.04930047047358954,3690806.0,3690764.42
3020351,23696844,2066741,2670,1126,PSR0100145785.hg.1,2,3690707.0,3690905.0,probeset_region,47.77778,54.666668,45.333332,54.88889,42.0,56.333332,104.666664,51.77778,41.11111,5.608152153165687,5.798741824707655,5.533978532409223,5.804489599304457,5.426264754702098,5.8413022219841695,6.723376494696201,5.7218587249483965,5.396129022207817,5.690685525330242,0.22973365067361312,5.6469575034275215,0.1365807147582849,5.947121413950804,0.6917036378385962,0.25643588862056266,-0.04372802190272029,0.30016391052328295,3690806.0,3690792.14
4102614,23696844,2066742,2213,1530,PSR0100145785.hg.1,2,3690707.0,3690905.0,probeset_region,72.22222,56.333332,74.111115,80.666664,54.333332,63.555557,66.77778,72.333336,102.22222,6.194209636863327,5.8413022219841695,6.230954499969395,6.351675393355333,5.790076897472486,6.012469389851681,6.082740449052017,6.196397262834819,6.6896097730922355,6.051407226893166,0.2828167852330749,6.088822119605631,0.2151444190075004,6.322915828326358,0.3226109184075848,0.271508601433192,0.0374148927124649,0.2340937087207271,3690806.0,3690819.86
4109204,23696844,2066743,763,1533,PSR0100145785.hg.1,2,3690707.0,3690905.0,probeset_region,56.333332,70.22222,57.77778,60.333332,87.333336,83.55556,91.55556,115.888885,98.333336,5.8413022219841695,6.1542555280049935,5.877198931478688,5.9385994254258305,6.464886090264837,6.40182767098867,6.532247710350341,6.868993945998698,6.634206056676876,6.268437728893113,0.2873831430095255,5.957585560489284,0.17126427102611408,6.678482571008639,0.17268414547045907,0.4100448421155267,-0.31085216840382834,0.7208970105193551,3690806.0,3690847.58
5535487,23696844,2066744,1286,2065,PSR0100145785.hg.1,2,3690707.0,3690905.0,probeset_region,88.55556,116.55556,147.33333,144.88889,87.55556,94.333336,129.44444,163.33333,229.0,6.484711054398036,6.877198931478688,7.212698975663436,7.188726165918542,6.4685109401689616,6.574908874542861,7.02729167291665,7.360481291004058,7.845490050944375,6.7440486602101215,0.38875917117420505,6.858202987180054,0.3643655277354419,7.4110876716216945,0.41144003301965226,0.667039011411573,0.11415432696993211,0.5528846844416409,3690806.0,3690875.3
90059,23696845,2066745,1618,33,PSR0100145786.hg.1,2,3690906.0,3690944.0,probeset_region,500.55554,413.0,832.2222,471.0,569.7778,797.55554,616.1111,505.77777,535.6667,8.970265662735294,8.693486957499326,9.70255751840666,8.88264304936184,9.156785339763296,9.64124894477501,9.26938639695909,8.985209434109343,9.067882526973442,9.22689244463338,0.38413146285334765,9.122103379547093,0.5213893635349937,9.107492786013959,0.14617067428034,-0.1193996586194217,-0.10478906508628683,-0.014610593533134875,3690925.0,3690911.7
1669696,23696845,2066746,55,623,PSR0100145786.hg.1,2,3690906.0,3690944.0,probeset_region,192.11111,288.66666,244.0,178.33333,278.22223,330.0,330.1111,378.0,267.77777,7.5932873907044,8.178249815428618,7.936637939002571,7.486499820917662,8.125269989478182,8.370687406807217,8.37117162868156,8.566054038171092,8.070270016136158,7.994152405734354,0.4564436299647689,7.902725048378531,0.29395207551175395,8.335831894329603,0.24977414146451235,0.34167948859524877,-0.09142735735582352,0.4331068459510723,3690925.0,3690917.02
1777756,23696845,2066747,915,663,PSR0100145786.hg.1,2,3690906.0,3690944.0,probeset_region,126.22222,92.55556,113.666664,106.22222,118.55556,113.55556,157.44444,152.66667,82.44444,6.9912068719289895,6.547751447768714,6.8413022219841695,6.7444601193070275,6.901537381573214,6.839903637277668,7.307833249564143,7.263660487460414,6.3827440667593365,6.828633712719303,0.07914275064668601,6.7934201805606245,0.22557193026273664,6.984745934594631,0.5218165337413677,0.15611222187532814,-0.03521353215867862,0.19132575403400676,3690925.0,3690922.34
2830923,23696845,2066748,842,1056,PSR0100145786.hg.1,2,3690906.0,3690944.0,probeset_region,76.77778,58.77778,94.333336,86.111115,86.111115,79.44444,115.44444,155.66667,104.333336,6.281286126114145,5.901537381573214,6.574908874542861,6.444784898830495,6.444784898830495,6.3299208552351205,6.863497979089623,7.291554492681671,6.7188182822878755,6.406496884298703,0.06631678648999825,6.252577460743407,0.3376024770148607,6.957956918019723,0.29782303475707145,0.5514600337210194,-0.15391942355529675,0.7053794572763161,3690925.0,3690927.66
3251422,23696845,2066749,581,1213,PSR0100145786.hg.1,2,3690906.0,3690944.0,probeset_region,97.55556,91.77778,79.0,80.55556,115.44444,81.0,141.22223,106.22222,111.55556,6.622865317676991,6.535707399101006,6.321928094887363,6.349711281392425,6.863497979089623,6.357552004618084,7.152003162238109,6.7444601193070275,6.814493479090099,6.52358708836671,0.29439757040303205,6.49350027055512,0.154844710242715,6.903652253545078,0.21791006919625522,0.38006516517836797,-0.030086817811590727,0.4101519829899587,3690925.0,3690932.98
4278465,23696845,2066750,1184,1596,PSR0100145786.hg.1,2,3690906.0,3690944.0,probeset_region,106.0,118.0,126.22222,142.11111,75.666664,133.44444,170.33333,199.55556,154.44444,6.741466986401147,6.894817763307944,6.9912068719289895,7.160991910855191,6.260527502367176,7.070866312526438,7.420662005644357,7.647858132528221,7.280255229987073,6.830795241916268,0.49591796392785836,6.875830540546026,0.12594795979698484,7.44959178938655,0.18550113956441514,0.6187965474702821,0.045035298629758636,0.5737612488405235,3690925.0,3690938.3
1261166,23696846,2066751,1565,470,PSR0100145788.hg.1,2,3698058.0,3698151.0,probeset_region,32.333332,41.77778,48.333332,29.88889,34.77778,40.88889,39.77778,41.88889,38.333332,5.058893634019119,5.418789662729274,5.624490827722355,4.949016091077759,5.160991910855191,5.388495726424349,5.349711281392425,5.422532050083397,5.297680502001321,5.166167909452433,0.21978553340063559,5.367391374823583,0.2862802549617616,5.356641277825715,0.06271360221313077,0.190473368373282,0.2012234653711502,-0.01075009699786822,3698104.5,3698071.95
1423700,23696846,2066752,619,531,PSR0100145788.hg.1,2,3698058.0,3698151.0,probeset_region,43.666668,54.666668,49.22222,36.444443,62.11111,40.88889,42.666668,54.22222,38.444443,5.4811267308071,5.798741824707655,5.65025393662135,5.226679714416758,5.979822108373206,5.388495726424349,5.4484605428273225,5.787177017973314,5.3017501509390845,5.531665849738104,0.39645823178598455,5.643374164045368,0.15891927328485833,5.512462570579907,0.24896185546585017,-0.019203279158197084,0.11170831430726391,-0.130911593465461,3698104.5,3698084.97
2727740,23696846,2066753,2179,1017,PSR0100145788.hg.1,2,3698058.0,3698151.0,probeset_region,37.22222,39.444443,29.0,34.88889,39.555557,31.88889,38.88889,39.0,46.11111,5.256339721263013,5.337869578278967,4.906890595608519,5.165465370290141,5.34182771263679,5.039528382779356,5.3179150477106685,5.321928094887363,5.557995440141064,5.182273821902096,0.1518489849892218,5.1670332983835,0.22894857228549081,5.399279527579698,0.13746665709200503,0.21700570567760202,-0.01524052351859595,0.23224622919619797,3698104.5,3698097.99
5014383,23696846,2066754,102,1871,PSR0100145788.hg.1,2,3698058.0,3698151.0,probeset_region,90.22222,65.333336,82.666664,85.22222,55.77778,77.111115,44.666668,80.77778,55.22222,6.511313396928806,6.051662175133495,6.3865810093774655,6.429987826560679,5.827254501035211,6.287455940258328,5.5130696224105,6.353636969569713,5.813068551499251,6.181566089284739,0.31501009639240807,6.316518860479921,0.23770010508114364,5.893258381159821,0.4259825969019308,-0.28830770812491746,0.13495277119518256,-0.4232604793201,3698104.5,3698111.01
5253859,23696846,2066755,1058,1960,PSR0100145788.hg.1,2,3698058.0,3698151.0,probeset_region,49.88889,39.77778,48.666668,46.666668,38.88889,52.666668,43.333332,57.77778,44.22222,5.669278798670887,5.349711281392425,5.634206056676876,5.574908874542861,5.3179150477106685,5.7459544115763475,5.470319893400748,5.877198931478688,5.49895995577998,5.546259444609959,0.21545304971441917,5.551065378913396,0.1752573215278271,5.615492926886472,0.2270959883463099,0.06923348227651349,0.0048059343034374535,0.06442754797307604,3698104.5,3698124.03
6064511,23696846,2066756,2350,2262,PSR0100145788.hg.1,2,3698058.0,3698151.0,probeset_region,39.555557,41.22222,32.666668,36.333332,45.0,40.444443,43.555557,46.88889,33.0,5.34182771263679,5.399930577923136,5.07324903652019,5.222392372198547,5.523561956057013,5.373106759794749,5.4775334799098125,5.581619070415799,5.087462841250339,5.3730203626834365,0.150584810517914,5.271669109026705,0.17427529836078015,5.382205130525317,0.2605056915943221,0.00918476784188016,-0.10135125365673137,0.11053602149861153,3698104.5,3698137.05
692273,23696847,2066757,832,258,PSR0100145789.hg.1,2,3707549.0,3707575.0,probeset_region,39.77778,63.555557,53.22222,78.44444,36.88889,63.88889,10154.889,10134.223,9989.444,5.349711281392425,6.012469389851681,5.760812313565472,6.311874399434936,5.2437029437209945,6.019899566861412,13.310028865014367,13.30709016263539,13.286333129546428,5.858492303339115,0.552074988782165,5.70766432826986,0.3345603216728782,13.301150719065395,0.012916257673277665,7.442658415726281,-0.15082797506925516,7.593486390795536,3707562.0,3707552.9
3525516,23696847,2066758,1315,1315,PSR0100145789.hg.1,2,3707549.0,3707575.0,probeset_region,44.77778,49.88889,47.77778,51.11111,29.222221,36.444443,9634.667,9810.556,9653.889,5.516575552456658,5.669278798670887,5.608152153165687,5.70351909933864,4.91753779934152,5.226679714416758,13.234168819684987,13.260266184704287,13.23704390857547,5.282578871032306,0.39596109375674515,5.598002168097744,0.07685594966396864,13.243826304321582,0.014309744382073868,7.961247433289276,0.31542329706543804,7.645824136223838,3707562.0,3707562.0
3893246,23696847,2066759,1885,1452,PSR0100145789.hg.1,2,3707549.0,3707575.0,probeset_region,43.0,46.666668,52.666668,54.0,41.11111,38.0,9765.223,9467.889,9697.556,5.459431618637297,5.574908874542861,5.7459544115763475,5.78135971352466,5.396129022207817,5.285402218862249,13.253584954446385,13.208979396558686,13.243554197792305,5.487630318198242,0.26033214266375065,5.5934316349188355,0.1441566759028446,13.235372849599125,0.023401170746604912,7.747742531400883,0.10580131672059334,7.64194121468029,3707562.0,3707571.1
321868,23696848,2066760,267,120,PSR0100145790.hg.1,2,3707576.0,3707791.0,probeset_region,9773.111,9623.223,9354.223,295.66666,158.66667,340.22223,11732.0,11090.333,10727.0,13.25474982178393,13.23245430429078,13.191556274979568,8.212698975663436,7.318919390972809,8.41456782420667,13.518284321454102,13.437145145246635,13.389093521904474,7.982062063614305,0.583100687027226,13.226253467018092,0.03204986546914865,13.44817432953507,0.06529776299092661,5.466112265920764,5.244191403403787,0.22192086251697773,3707683.5,3707608.25
3852723,23696848,2066761,1562,1437,PSR0100145790.hg.1,2,3707576.0,3707791.0,probeset_region,9842.223,8881.444,8345.111,95.77778,68.55556,92.666664,10377.444,10617.223,11075.889,13.264915013744766,13.116741027237042,13.026888449387844,6.596603919793624,6.120093880656087,6.549463780329344,13.341302588464242,13.374254678685395,13.43526508692927,6.422053860259685,0.26256507793084716,13.136181496789883,0.12019821224633988,13.383607451359635,0.047674348941224666,6.961553591099951,6.714127636530198,0.2474259545697528,3707683.5,3707638.35
4730015,23696848,2066762,2494,1764,PSR0100145790.hg.1,2,3707576.0,3707791.0,probeset_region,3615.0,1683.0,1422.6666,205.88889,125.0,182.44444,10887.777,11202.111,11359.556,11.820178962415188,10.717676423066395,10.475395640687028,7.692712332471176,6.977279923499917,7.519199390137342,13.410554348375934,13.451611832751814,13.471745780781298,7.396397215369478,0.373190519101695,11.00441700872287,0.7167814647411858,13.444637320636348,0.03118622635702559,6.04824010526687,3.6080197933533915,2.440220311913478,3707683.5,3707668.45
5360004,23696848,2066763,3,2000,PSR0100145790.hg.1,2,3707576.0,3707791.0,probeset_region,5137.778,2167.3333,2647.7778,45.88889,41.22222,48.0,5834.4443,4221.5557,6157.8887,12.32720956522405,11.082370786737886,11.371111126456325,5.551174200306211,5.399930577923136,5.614709844115208,12.51062679780929,12.043900726217487,12.58845433489739,5.521938207448184,0.11033399637145905,11.593563826139421,0.6515518389222413,12.380993952974721,0.2945134360712662,6.859055745526537,6.071625618691237,0.7874301268353001,3707683.5,3707698.55
5974803,23696848,2066764,1082,2229,PSR0100145790.hg.1,2,3707576.0,3707791.0,probeset_region,9417.556,6602.8887,6315.6665,809.44446,661.1111,815.0,10545.777,10612.111,11428.0,13.201290124111953,12.689100084215553,12.624947690050995,9.662569507038334,9.370929471564011,9.672425341971495,13.36451461825102,13.373560036710833,13.480411557541508,9.56864144019128,0.1712944869936277,12.838445966126168,0.3158651526483599,13.406162070834455,0.06446079898646992,3.8375206306431746,3.2698045259348874,0.5677161047082873,3707683.5,3707728.65
6830414,23696848,2066765,1773,2548,PSR0100145790.hg.1,2,3707576.0,3707791.0,probeset_region,12678.111,11056.223,9904.111,281.77777,224.44444,247.44444,12031.556,12748.667,12575.556,13.630166010875648,13.43270143571586,13.273957474984446,8.143524904921485,7.816628137464775,7.956779461555717,13.554655476949984,13.638171945457602,13.618449245585385,7.972310834647327,0.1640008896500093,13.445608307191984,0.17845467424226905,13.60375888933099,0.04365323645683973,5.631448054683664,5.473297472544657,0.15815058213900635,3707683.5,3707758.75
166396,23696849,2066766,235,62,PSR0100145791.hg.1,2,3707792.0,3708534.0,probeset_region,51.0,68.22222,78.888885,50.77778,52.444443,57.666668,67.22222,62.22222,45.88889,5.700439718141092,6.113163333914129,6.31992289776255,5.694261166831903,5.739968036561036,5.874469149185714,6.092169826001337,5.982359821519999,5.551174200306211,5.769566117526217,0.09367904794362474,6.044508649939257,0.31539649915977996,5.875234615942516,0.2859648999577198,0.105668498416299,0.27494253241303923,-0.16927403399674024,3708163.0,3707903.3
3047914,23696849,2066767,753,1137,PSR0100145791.hg.1,2,3707792.0,3708534.0,probeset_region,89.111115,88.55556,63.555557,117.22222,134.0,89.111115,53.333332,62.77778,88.666664,6.493633157062948,6.484711054398036,6.012469389851681,6.885357423714056,7.076815597050831,6.493633157062948,5.763765619746456,5.994981944409141,6.486499820917662,6.818602059275945,0.29726696518197876,6.330271200437555,0.27526059305272105,6.081749128357753,0.36909699205415436,-0.7368529309181922,-0.4883308588383901,-0.24852207207980204,3708163.0,3708007.18
3907742,23696849,2066768,301,1458,PSR0100145791.hg.1,2,3707792.0,3708534.0,probeset_region,40.22222,49.22222,48.555557,31.0,61.333332,50.333332,31.0,40.88889,42.666668,5.365350345510325,5.65025393662135,5.630974947836241,5.0,5.961931929736294,5.68182400423709,5.0,5.388495726424349,5.4484605428273225,5.547918644657795,0.494748666854791,5.548859743322638,0.15921587284634212,5.278985423083891,0.2434616900490375,-0.26893322157390376,0.0009410986648434871,-0.26987432023874725,3708163.0,3708111.06
3960619,23696849,2066769,2258,1477,PSR0100145791.hg.1,2,3707792.0,3708534.0,probeset_region,80.666664,73.22222,57.11111,84.44444,98.0,59.77778,98.111115,65.888885,82.666664,6.351675393355333,6.21377927455436,5.86074212428179,6.416914757893013,6.6293566200796095,5.925472041472529,6.630974947836241,6.063694602181909,6.3865810093774655,6.323914473148384,0.36104039209228866,6.142065597397161,0.2532015151798349,6.360416853131871,0.2845437926672404,0.03650237998348693,-0.1818488757512231,0.21835125573471004,3708163.0,3708214.94
3975506,23696849,2066770,1065,1483,PSR0100145791.hg.1,2,3707792.0,3708534.0,probeset_region,800.2222,702.0,919.1111,772.55554,716.1111,816.44446,915.55554,878.7778,830.3333,9.646058637421634,9.457380879072534,9.845664236421513,9.595361071985444,9.486052806470648,9.674976898515249,9.84007849850361,9.780995339466905,9.69928321380173,9.585463592323778,0.09485013556373569,9.649701250971894,0.19416730639748805,9.773452350590746,0.07070007467789739,0.18798875826696815,0.06423765864811593,0.12375109961885222,3708163.0,3708318.82
5046846,23696849,2066771,405,1883,PSR0100145791.hg.1,2,3707792.0,3708534.0,probeset_region,58.333332,50.11111,37.444443,50.444443,69.888885,45.88889,36.444443,67.333336,60.22222,5.890770899327012,5.675565037538052,5.264703162570771,5.6849433342719635,6.147487543313843,5.551174200306211,5.226679714416758,6.0945176524764335,5.9359834871526385,5.794535025964006,0.31289799444575706,5.610346366478612,0.3180885239093672,5.752393618015276,0.46213050291159397,-0.04214140794872989,-0.1841886594853941,0.1420472515366642,3708163.0,3708422.7
1868810,23696850,2066772,849,697,PSR0100145792.hg.1,2,3722021.0,3722207.0,probeset_region,10769.556,7884.0,7809.222,105.44444,70.666664,72.111115,11834.333,11123.889,10511.889,13.394805061475019,12.944895039677872,12.931147872218585,6.733956821314975,6.163230297673468,6.192018839204111,13.530812678943544,13.441503278474555,13.3598715188761,6.363068652730852,0.3215209483496054,13.09028265779049,0.26381369735599375,13.444062492098064,0.08549931129593388,7.0809938393672125,6.727214005059639,0.35377983430757354,3722114.0,3722048.9
2890663,23696850,2066773,1622,1078,PSR0100145792.hg.1,2,3722021.0,3722207.0,probeset_region,10695.777,9482.223,9529.333,313.33334,82.44444,169.11111,10098.556,10863.0,10470.556,13.384888595757445,13.211161694009252,13.21831091016415,8.296151506642762,6.3827440667593365,7.410333594814862,13.30200420169931,13.407267764244732,13.354188165859119,7.363076389405653,0.9575786862433953,13.271453733310281,0.09830248642182174,13.354486710601053,0.052632416310299926,5.9914103211954,5.908377343904628,0.08303297729077208,3722114.0,3722074.94
3193377,23696850,2066774,1496,1191,PSR0100145792.hg.1,2,3722021.0,3722207.0,probeset_region,7187.5557,4811.778,4893.3335,45.555557,48.0,48.555557,8089.0,8177.0,9259.556,12.811486215881017,12.232654111658078,12.25689669355144,5.540881484795891,5.614709844115208,5.630974947836241,12.981923987317339,12.997532347526366,13.176883047233554,5.595522092249113,0.04801390826528113,12.433679007030179,0.327415089739248,13.052113127359085,0.10833538159906243,7.456591035109972,6.838156914781066,0.6184341203289065,3722114.0,3722100.98
3754529,23696850,2066775,2528,1400,PSR0100145792.hg.1,2,3722021.0,3722207.0,probeset_region,6424.5557,4555.6665,4104.3335,159.0,107.111115,130.33333,5967.8887,6260.0,6544.1113,12.649605504591012,12.153763070240375,12.003283708520877,7.321928094887363,6.756371038588088,7.037089262862683,12.543246630419704,12.612177385880992,12.676202016354052,7.038462798779378,0.2827810300093715,12.268884094450755,0.3381901886221218,12.610542010884915,0.06649277780910665,5.572079212105537,5.230421295671377,0.3416579164341602,3722114.0,3722127.02
4678835,23696850,2066776,2234,1745,PSR0100145792.hg.1,2,3722021.0,3722207.0,probeset_region,7425.1113,5745.5557,5677.3335,88.77778,135.11111,110.44444,7016.3335,7482.4443,7170.8887,12.858391228097393,12.488481785891052,12.471251867615116,6.48828649493187,7.088641068388484,6.800180867221933,12.776707212233566,12.869486723578971,12.808137378308919,6.792369476847429,0.30025350427972597,12.606041627201186,0.21871090124935377,12.818110438040485,0.04718692479575346,6.025740961193056,5.813672150353757,0.2120688108392983,3722114.0,3722153.06
4772211,23696850,2066777,1810,1780,PSR0100145792.hg.1,2,3722021.0,3722207.0,probeset_region,9458.444,7930.4443,7491.0,89.888885,61.555557,56.444443,9119.333,10036.777,10178.889,13.207539724322723,12.953367892906105,12.871135184243045,6.506031977676014,5.967066149738768,5.844095426292777,13.154870786678057,13.293152229501255,13.31343416361413,6.105731184569187,0.35208094726592915,13.010680933823958,0.17537272348057334,13.253819059931146,0.08628968534921129,7.148087875361959,6.9049497492547705,0.24313812610718877,3722114.0,3722179.1
1318002,23696851,2066778,2121,491,PSR0100145793.hg.1,2,3723354.0,3723469.0,probeset_region,12523.111,11496.111,11750.889,332.55554,180.55556,191.11111,13358.444,14337.111,12876.223,13.61242061746157,13.48898380627668,13.520605013665996,8.381783201514073,7.504267280175696,7.585797177664144,13.705572382087547,13.807567378693925,13.652533847837285,7.823949219784637,0.48481526834992134,13.540669812468082,0.06411792808645395,13.721891202872918,0.07879452300977517,5.89794198308828,5.716720592683444,0.1812213904048363,3723411.5,3723371.25
3313781,23696851,2066779,1300,1236,PSR0100145793.hg.1,2,3723354.0,3723469.0,probeset_region,7170.5557,6453.3335,6093.222,91.55556,32.444443,61.22222,6558.222,7073.0,7339.222,12.808070388998889,12.65605240861807,12.573226379826675,6.532247710350341,5.063694602181909,5.959357995847494,12.679309026190111,12.788310503700918,12.84160801473004,5.851766769459914,0.7401648207490534,12.67911639248121,0.1191087220767193,12.769742514873691,0.0827273719943227,6.917975745413777,6.827349623021297,0.09062612239248047,3723411.5,3723387.35
3918956,23696851,2066780,795,1462,PSR0100145793.hg.1,2,3723354.0,3723469.0,probeset_region,10486.777,8992.444,7592.4443,101.333336,42.22222,67.55556,10021.0,11213.667,9990.0,13.356421342029774,13.134658033851123,12.890538715655184,6.6771323805020835,5.433701315248533,6.09920171338584,13.290882822429577,13.453099161288613,13.286413369370345,6.070011803045486,0.6222292516899645,13.127206030512028,0.23303069466219659,13.343465117696178,0.09497216243975395,7.273453314650692,7.057194227466542,0.21625908718415054,3723411.5,3723403.45
4481379,23696851,2066781,418,1672,PSR0100145793.hg.1,2,3723354.0,3723469.0,probeset_region,10381.556,8105.6665,7881.8887,59.666668,75.666664,74.77778,10556.111,10523.667,10249.333,13.3418739860631,12.984893078644292,12.944508684510454,5.922832169716248,6.260527502367176,6.2437029437209945,13.365927513232968,13.361486965684813,13.323383159613401,6.142354205268139,0.19029768656776724,13.090425249739281,0.21869516471911926,13.350265879510394,0.023386750253658377,7.207911674242255,6.948071044471143,0.2598406297711122,3723411.5,3723419.55
4574938,23696851,2066782,177,1707,PSR0100145793.hg.1,2,3723354.0,3723469.0,probeset_region,9798.223,8712.777,9638.556,98.0,62.77778,78.0,9969.889,10799.667,10737.111,13.258451593639577,13.089082534342564,13.234750931529387,6.6293566200796095,5.994981944409141,6.303780748177103,13.283506377587614,13.39883278792045,13.390452646880455,6.309373104221951,0.31722431041394383,13.194095019837178,0.09171230521817898,13.357597270796171,0.06430125996661432,7.0482241665742205,6.884721915615227,0.1635022509589934,3723411.5,3723435.65
5859372,23696851,2066783,891,2186,PSR0100145793.hg.1,2,3723354.0,3723469.0,probeset_region,9417.223,7137.6665,7041.222,121.0,128.55556,64.55556,9480.0,9072.556,9467.889,13.201239114463535,12.801438890026413,12.78181502671272,6.930737337562887,7.017427090637926,6.034646180118381,13.210823518780845,13.147452296681656,13.208979396558686,6.66093686943973,0.5441128549942666,12.928164343734224,0.2366931490548224,13.189085070673729,0.03606682824145782,6.528148201233998,6.267227474294494,0.26092072693950463,3723411.5,3723451.75
189744,23696852,2066784,2143,70,PSR0100145794.hg.1,2,3727115.0,3727224.0,probeset_region,12861.0,12391.0,11876.667,399.0,306.0,391.0,27209.777,12234.889,12861.0,13.650827374138768,13.597121428789569,13.535963869784393,8.643856189774725,8.262094845370179,8.614709844115207,14.73189055090934,13.57883126526983,13.650827374138768,8.50688695975337,0.2124964983581407,13.59463755757091,0.0574720225006484,13.987183063439312,0.6459394641477693,5.4802961036859426,5.087750597817541,0.39254550586840153,3727169.5,3727131.35
411407,23696852,2066785,1366,153,PSR0100145794.hg.1,2,3727115.0,3727224.0,probeset_region,7996.6665,8146.0,7653.3335,72.111115,32.11111,90.55556,9288.0,9175.777,9010.889,12.965363407871658,12.992053192852639,12.902061044654525,6.192018839204111,5.049243500551913,6.516575552456658,13.181307577427798,13.163771888578301,13.137613776051017,5.919279297404227,0.7707502714126376,12.953159215126275,0.046220703421223315,13.160897747352372,0.02198823743569136,7.241618449948145,7.033879917722048,0.20773853222609695,3727169.5,3727146.61
929146,23696852,2066786,1865,346,PSR0100145794.hg.1,2,3727115.0,3727224.0,probeset_region,20427.0,13358.444,12605.111,1025.7778,797.8889,653.8889,23717.334,17931.666,15007.667,14.318260343712415,13.705572382087547,13.621835688297315,10.003908338469689,9.641851102871895,9.355106403440843,14.533715055668903,14.13030236645065,13.873508227983068,9.666955281594142,0.32512867078478735,13.88188947136576,0.3802204783361438,14.179175216700875,0.33280576985598387,4.512219935106733,4.214934189771618,0.297285745335115,3727169.5,3727161.87
1292062,23696852,2066787,301,482,PSR0100145794.hg.1,2,3727115.0,3727224.0,probeset_region,11679.111,9603.667,9176.667,167.77777,107.888885,156.0,11671.0,11671.0,10884.0,13.51176640477495,13.229519879078849,13.163911744775135,7.398981095090634,6.766712892634177,7.294620748891627,13.510764167917891,13.510764167917891,13.410053787075569,7.153438245538813,0.338954487208984,13.301732676209644,0.18482892677550974,13.477194040970451,0.05814516548950458,6.323755795431638,6.148294430670831,0.17546136476080676,3727169.5,3727177.13
3088939,23696852,2066788,1578,1152,PSR0100145794.hg.1,2,3727115.0,3727224.0,probeset_region,11143.556,8590.333,8828.223,229.33333,82.44444,76.333336,11315.777,12332.777,11666.333,13.44405147671844,13.068666278023443,13.108070710153036,7.847579367809245,6.3827440667593365,6.273018541849905,13.466175562797428,13.590327086874957,13.510187197995721,6.834447325472829,0.8791116676001581,13.206929488298307,0.20629664408831902,13.522229949222703,0.0629457792511106,6.687782623749874,6.372482162825478,0.3153004609243961,3727169.5,3727192.39
3417832,23696852,2066789,831,1275,PSR0100145794.hg.1,2,3727115.0,3727224.0,probeset_region,10556.111,8845.777,8784.111,100.55556,45.666668,43.333332,10472.223,11035.889,10346.223,13.365927513232968,13.110936298400055,13.100844853367699,6.666125377700855,5.54432055553413,5.470319893400748,13.354417813681636,13.430045909429577,13.33695595908503,5.893588608878577,0.6700588174823299,13.19256955500024,0.15021716139534566,13.37380656073208,0.049481080706944604,7.480217951853502,7.298980946121663,0.18123700573183932,3727169.5,3727207.65
1583170,23696853,2066790,1969,590,PSR0100145795.hg.1,2,3727478.0,3727627.0,probeset_region,32.333332,36.77778,36.333332,33.666668,31.0,35.77778,30.666666,32.11111,46.11111,5.058893634019119,5.239465967068594,5.222392372198547,5.115477270337673,5.0,5.200762438618348,4.984893078644292,5.049243500551913,5.557995440141064,5.105413236318674,0.10075888435045403,5.173583991095421,0.0996909495148063,5.1973773397790906,0.3139574890513544,0.09196410346041617,0.06817075477674628,0.02379334868366989,3727552.5,3727500.35
2443765,23696853,2066791,2284,911,PSR0100145795.hg.1,2,3727478.0,3727627.0,probeset_region,88.888885,47.333332,70.44444,96.666664,66.0,74.55556,44.11111,81.666664,62.11111,6.490070836565466,5.594946551338986,6.1587498916495855,6.609794316134915,6.066089190457772,6.239465967068594,5.495410902187581,6.369233765283099,5.979822108373206,6.305116491220427,0.27773424242062256,6.081255759851346,0.45256588122385705,5.948155591947962,0.43777125900862257,-0.3569608992724653,-0.22386073136908102,-0.1331001679033843,3727552.5,3727521.21
3011385,23696853,2066792,1744,1123,PSR0100145795.hg.1,2,3727478.0,3727627.0,probeset_region,76.77778,68.44444,79.0,51.0,81.44444,86.888885,66.333336,75.111115,66.0,6.281286126114145,6.11778734288509,6.321928094887363,5.700439718141092,6.365350345510325,6.457608827369848,6.07324903652019,6.2500352406793835,6.066089190457772,6.174466297007089,0.4131026566996471,6.240333854628865,0.10805636520754497,6.129791155885781,0.10419594903256808,-0.044675141121308215,0.06586755762177621,-0.11054269874308442,3727552.5,3727542.07
3339542,23696853,2066793,261,1246,PSR0100145795.hg.1,2,3727478.0,3727627.0,probeset_region,129.33333,121.0,125.22222,185.11111,167.0,122.0,178.33333,149.0,142.0,7.026062240284969,6.930737337562887,6.979822108373206,7.540020405075294,7.392317422778761,6.94251450533924,7.486499820917662,7.22881869049588,7.159871336778389,7.291617444397765,0.3112212866905118,6.978873895407021,0.04766952486249007,7.29172994939731,0.17216245681100717,0.00011250499954496007,-0.31274354899074464,0.3128560539902896,3727552.5,3727562.93
5566773,23696853,2066794,412,2077,PSR0100145795.hg.1,2,3727478.0,3727627.0,probeset_region,58.555557,85.77778,69.0,72.888885,54.666668,77.111115,68.22222,56.444443,54.22222,5.896164230085943,6.439253750792996,6.129283016944966,6.207285462739383,5.798741824707655,6.287455940258328,6.113163333914129,5.844095426292777,5.787177017973314,6.097827742568455,0.26209943926567647,6.154900332607968,0.2724495219701945,5.914811926060074,0.17411888768789488,-0.18301581650838106,0.05707259003951304,-0.2400884065478941,3727552.5,3727583.79
6824094,23696853,2066795,813,2546,PSR0100145795.hg.1,2,3727478.0,3727627.0,probeset_region,254.22223,76.111115,76.77778,113.0,121.666664,61.444443,90.888885,90.666664,110.888885,7.9956101782704465,6.2688669145762335,6.281286126114145,6.832890014164741,6.9385994254258305,5.9645012796081875,6.521818464491284,6.518325267665812,6.805922922842964,6.578663573066254,0.5344998708480151,6.848587739653607,0.9933699790217615,6.615355551666686,0.1650454265461272,0.03669197860043205,0.2699241665873533,-0.23323218798692125,3727552.5,3727604.65
11046,23696854,2066796,325,4,PSR0100145796.hg.1,2,3727628.0,3727770.0,probeset_region,7699.222,6156.222,5876.1113,96.55556,116.0,117.333336,8587.223,8377.0,7819.6665,12.910684355924543,12.58806391019805,12.520891511730044,6.608152153165687,6.870364719583405,6.886712744676211,13.068143879317514,13.032390168866524,12.933075848832225,6.788409872475101,0.15632161881544837,12.673213259284212,0.20838047913290025,13.011203299005421,0.06998218205855866,6.222793426530321,5.884803386809112,0.337990039721209,3727699.0,3727649.3
2994747,23696854,2066797,1186,1117,PSR0100145796.hg.1,2,3727628.0,3727770.0,probeset_region,7389.3335,5332.6665,5717.6665,130.33333,131.44444,145.66667,7908.5557,7719.8887,7725.6665,12.85142375354023,12.380911905538532,12.48146305885349,7.037089262862683,7.049243500551913,7.196397262834819,12.949380935206033,12.914551195461215,12.915630414782646,7.094243342083138,0.08867637237256079,12.571266239310752,0.24777773950190227,12.926520848483298,0.019804768423644144,5.8322775064001595,5.477022897227614,0.3552546091725457,3727699.0,3727669.18
3724175,23696854,2066798,1654,1389,PSR0100145796.hg.1,2,3727628.0,3727770.0,probeset_region,6495.6665,5822.1113,5415.6665,95.77778,79.111115,83.55556,7059.6665,6846.3335,7673.6665,12.665483933280385,12.507574485608702,12.403189553619173,6.596603919793624,6.323930508863084,6.40182767098867,12.785588660296602,12.741326564573331,12.9058883454232,6.440787366548459,0.14044960187094677,12.525415990836086,0.1320542497689834,12.810934523431044,0.08515840834963104,6.3701471568825845,6.084628624287626,0.2855185325949581,3727699.0,3727689.06
4481605,23696854,2066799,644,1672,PSR0100145796.hg.1,2,3727628.0,3727770.0,probeset_region,8732.0,7064.1113,6910.3335,429.33334,329.0,335.22223,8729.889,9567.777,9118.556,13.092261624843921,12.786496578592628,12.754748380600454,8.749310818689487,8.366322214245816,8.393271299873934,13.091912790436226,13.22411887992754,13.154747817728625,8.502968110936413,0.21376414702046162,12.877835528012334,0.18637569656679873,13.156926496030797,0.06612996676246401,4.653958385094384,4.3748674170759205,0.27909096801846367,3727699.0,3727708.94
5434987,23696854,2066800,2626,2027,PSR0100145796.hg.1,2,3727628.0,3727770.0,probeset_region,6819.8887,5087.4443,4444.3335,59.77778,65.22222,81.44444,7516.6665,7390.6665,7366.6665,12.735744000302178,12.313008940595681,12.118075941087765,5.925472041472529,6.049243500551913,6.365350345510325,12.876069201129425,12.851683951587285,12.846992044238778,6.113355295844922,0.22683908903132508,12.388942960661874,0.31575772262287544,12.858248398985163,0.015610549011500415,6.744893103140241,6.2755876648169515,0.4693054383232891,3727699.0,3727728.82
5864385,23696854,2066801,544,2188,PSR0100145796.hg.1,2,3727628.0,3727770.0,probeset_region,12782.889,12623.223,11254.889,106.0,38.88889,136.0,12107.777,12367.0,12782.889,13.642039129314616,13.623906935374274,13.458392344106457,6.741466986401147,5.3179150477106685,7.098032082960526,13.563765579085448,13.594324603924848,13.642039129314616,6.385804705690781,0.941847072637995,13.574779469598449,0.10120111832133616,13.600043104108304,0.0394488668991984,7.214238398417523,7.188974763907668,0.025263634509855137,3727699.0,3727748.7
254094,23696855,2066802,2173,94,PSR0100145797.hg.1,2,3728129.0,3728217.0,probeset_region,10887.777,9376.556,8819.667,1080.8889,1148.1111,715.44446,11508.889,11173.777,11264.556,13.410554348375934,13.194996206241562,13.106672036809789,10.079336661330938,10.166302553983789,9.484711054398035,13.49058625877888,13.447958465699173,13.459630854597854,9.91011675657092,0.37096937232355315,13.237407530475762,0.15631748186997418,13.466058526358637,0.022028808613037246,3.555941769787717,3.327290773904842,0.22865099588287485,3728173.0,3728142.2
1200074,23696855,2066803,2113,447,PSR0100145797.hg.1,2,3728129.0,3728217.0,probeset_region,6881.1113,5147.222,4749.0,47.11111,29.88889,46.11111,6970.1113,7634.222,7486.5557,12.748635514608933,12.329858598071272,12.213711798105672,5.588298200574378,4.949016091077759,5.557995440141064,12.767172952200411,12.898454421509165,12.87027910790153,5.365103243931067,0.3606604405804009,12.430735303595291,0.2813679582103305,12.845302160537036,0.06911289294120755,7.4801989166059695,7.065632059664225,0.4145668569417449,3728173.0,3728154.52
3895524,23696855,2066804,1483,1453,PSR0100145797.hg.1,2,3728129.0,3728217.0,probeset_region,9465.0,6941.8887,6611.0,186.77777,107.111115,106.44444,9311.889,10254.889,9856.556,13.208539206738363,12.761320322898642,12.690871009292314,7.552882477623614,6.756371038588088,6.747447055269504,13.185013017020662,13.32416488618528,13.267014236689592,7.018900190493735,0.46246375165618087,12.886910179643108,0.2807573681127207,13.258730713298512,0.06994478710261154,6.239830522804777,5.868009989149373,0.3718205336554039,3728173.0,3728166.84
5518528,23696855,2066805,407,2059,PSR0100145797.hg.1,2,3728129.0,3728217.0,probeset_region,9839.444,7260.6665,7686.4443,279.66666,232.88889,201.33333,9862.777,9851.889,10528.556,13.26450774522462,12.82608495974532,12.90828834361984,8.132713870055976,7.869679495595741,7.660590169268002,13.267924518639132,13.266331040867536,13.362156937016692,7.887661178306573,0.23657494139546548,12.999627016196593,0.233046560879837,13.298804165507788,0.054870894254120076,5.411142987201215,5.11196583789002,0.29917714931119477,3728173.0,3728179.16
6038412,23696855,2066806,371,2253,PSR0100145797.hg.1,2,3728129.0,3728217.0,probeset_region,9933.111,7360.5557,6868.3335,168.33333,225.22223,172.77777,10229.667,10014.556,10317.333,13.278175199308578,12.845794957421358,12.745954411576347,7.403722142716798,7.821596887882458,7.441099739563813,13.320612584745387,13.289954843790339,13.332922292595496,7.55547292338769,0.23122660864468864,12.956641522768761,0.2828956742521278,13.314496573710407,0.022127010811244956,5.7590236503227175,5.401168599381071,0.35785505094164627,3728173.0,3728191.48
6884369,23696855,2066807,2128,2568,PSR0100145797.hg.1,2,3728129.0,3728217.0,probeset_region,4830.6665,2298.889,2455.3333,91.0,64.333336,129.66667,4883.8887,5103.0,5910.222,12.238305163628711,11.16734846575192,11.26229058980209,6.523561956057013,6.029747399551651,7.029747399551651,12.254109967763826,12.31741261376487,12.529240728665448,6.527685585053438,0.5000127530744342,11.55598140639424,0.5928134478861907,12.366921103398049,0.14409216428347246,5.839235518344611,5.028295821340802,0.8109396970038087,3728173.0,3728203.8
1233559,23696856,2066808,758,460,PSR0100145798.hg.1,2,3729327.0,3729448.0,probeset_region,8084.0,7130.1113,6709.0,100.0,74.111115,64.111115,9393.889,8717.223,8861.333,12.981032058361023,12.799911211630935,12.712097051087547,6.658211482751795,6.230954499969395,6.024831928112286,13.197660350672988,13.089818334071564,13.11347082269034,6.304665970277825,0.323059515724438,12.831013440359834,0.13713869260068393,13.133649835811632,0.05668218030454872,6.828983865533806,6.526347470082009,0.3026363954517972,3729387.5,3729345.15
1528031,23696856,2066809,430,570,PSR0100145798.hg.1,2,3729327.0,3729448.0,probeset_region,12189.0,10956.333,11397.777,423.44446,409.55554,922.2222,12917.667,12699.0,12678.111,13.573410505507574,13.419609071586866,13.476591465807356,8.729431967582954,8.681433599929433,9.850534150854758,13.65716959331383,13.63254087654689,13.630166010875648,9.087133239455715,0.6615600308876116,13.489870347633932,0.07775581519050304,13.639958826912123,0.01495218568770817,4.552825587456407,4.402737108178217,0.1500884792781907,3729387.5,3729362.09
2153661,23696856,2066810,1620,803,PSR0100145798.hg.1,2,3729327.0,3729448.0,probeset_region,12575.556,11452.0,11082.444,178.44444,134.88889,182.22223,12458.0,11815.667,12189.0,13.618449245585385,13.483437927061505,13.436118668353815,7.487393434508152,7.086283651085434,7.517450735394254,13.60490065714595,13.528535546035874,13.573410505507574,7.363709273662614,0.24072721570460415,13.512668613666902,0.09461466391615267,13.568948902896466,0.03837755818324265,6.205239629233851,6.1489593400042875,0.05628028922956396,3729387.5,3729379.03
3648820,23696856,2066811,1339,1361,PSR0100145798.hg.1,2,3729327.0,3729448.0,probeset_region,12070.333,10373.777,10103.889,803.44446,378.8889,1295.2222,13938.223,12107.777,11774.111,13.559297377728027,13.34079275422447,13.302765806816964,9.651849004852874,8.569433693113762,10.340097296987349,13.766862488729751,13.563765579085448,13.52345307945329,9.520459998317994,0.8926139718821996,13.40095197958982,0.13844298832351076,13.618027049089497,0.13046173951135695,4.097567050771502,3.8804919812718257,0.2170750694996766,3729387.5,3729395.97
5194410,23696856,2066812,569,1938,PSR0100145798.hg.1,2,3729327.0,3729448.0,probeset_region,11564.333,10506.0,10676.667,135.88889,105.0,131.22223,12226.889,11807.444,11481.889,13.497519186535483,13.359063183678293,13.382308840574867,7.0968615035159335,6.727920454563199,7.046820930748888,13.577887702010866,13.527531293763023,13.487197996158306,6.957200962942674,0.20013290177473633,13.412963736929548,0.07414383443473029,13.530872330644065,0.045437072776382904,6.573671367701391,6.455762773986874,0.11790859371451745,3729387.5,3729412.91
6196424,23696856,2066813,263,2312,PSR0100145798.hg.1,2,3729327.0,3729448.0,probeset_region,9622.0,8443.111,8750.556,384.0,355.66666,212.55556,10438.333,9550.0,9621.333,13.2322710134189,13.043729884128194,13.095323775817375,8.588714635582264,8.478432539420101,7.738467630785017,13.349741917409236,13.22143607744528,13.232171013453067,8.268538268595794,0.46235451331778193,13.12377489112149,0.09743735849298142,13.267783002769194,0.07118115958245629,4.9992447341734,4.855236622525696,0.14400811164770388,3729387.5,3729429.85
320837,23696857,2066814,1916,119,PSR0100145799.hg.1,2,3729449.0,3729751.0,probeset_region,71.888885,94.0,108.22222,70.22222,104.333336,99.55556,125.666664,89.44444,89.44444,6.187626936060589,6.569855608330948,6.771122593701025,6.1542555280049935,6.7188182822878755,6.651849004852873,6.984893078644292,6.49895995577998,6.49895995577998,6.508307605048581,0.30844104132589134,6.509535046030854,0.2963877920874289,6.660937663401417,0.2805536192938664,0.15263005835283572,0.0012274409822730092,0.1514026173705627,3729600.0,3729494.3
488531,23696857,2066815,770,182,PSR0100145799.hg.1,2,3729449.0,3729751.0,probeset_region,46.555557,48.666668,51.666668,42.22222,59.77778,70.44444,37.11111,47.22222,50.88889,5.571542036392898,5.634206056676876,5.7188182822878755,5.433701315248533,5.925472041472529,6.1587498916495855,5.2521397486854715,5.59162620564067,5.697353750052028,5.839307749456882,0.3701244026664769,5.6415221251192165,0.07391019411636836,5.513706568126056,0.23261014420272305,-0.3256011813308257,-0.19778562433766567,-0.12781555699316005,3729600.0,3729536.58
1732109,23696857,2066816,828,646,PSR0100145799.hg.1,2,3729449.0,3729751.0,probeset_region,84.111115,64.333336,51.666668,87.55556,51.666668,73.666664,61.22222,100.55556,87.22222,6.411275637959874,6.029747399551651,5.7188182822878755,6.4685109401689616,5.7188182822878755,6.222392372198547,5.959357995847494,6.666125377700855,6.463070181838064,6.136573864885128,0.3821431439504434,6.053280439933133,0.3468279838021459,6.362851185128804,0.36388585914957106,0.22627732024367564,-0.08329342495199565,0.3095707451956713,3729600.0,3729578.86
2875165,23696857,2066817,2204,1072,PSR0100145799.hg.1,2,3729449.0,3729751.0,probeset_region,34.22222,32.333332,34.0,40.666668,37.333332,40.22222,41.555557,33.666668,34.88889,5.138413993975045,5.058893634019119,5.129283016944966,5.3808218279684885,5.260527502367176,5.365350345510325,5.411275637959874,5.115477270337673,5.165465370290141,5.33556655861533,0.06544453120256497,5.108863548313043,0.0435153758605802,5.230739426195896,0.1583341256734643,-0.10482713241943387,-0.22670301030228668,0.12187587788285281,3729600.0,3729621.14
6328545,23696857,2066818,1064,2361,PSR0100145799.hg.1,2,3729449.0,3729751.0,probeset_region,242.88889,186.33333,194.0,172.77777,243.22223,177.0,228.11111,187.11111,213.77777,7.930080202922294,7.549463780329344,7.60733031374961,7.441099739563813,7.932050709568391,7.475733430966398,7.839903637277668,7.555441282458975,7.746700875215319,7.616294626699534,0.27400054935447804,7.695624765667083,0.2050954606187544,7.7140152649839875,0.1450205835886574,0.09772063828445354,0.07933013896754915,0.018390499316904396,3729600.0,3729663.42
6878407,23696857,2066819,1526,2566,PSR0100145799.hg.1,2,3729449.0,3729751.0,probeset_region,40.444443,41.444443,47.333332,48.77778,46.444443,37.666668,39.555557,54.0,48.22222,5.373106759794749,5.407503768965741,5.594946551338986,5.637429945184242,5.5681672066236585,5.273018541849905,5.34182771263679,5.78135971352466,5.621237862266454,5.4928718978859346,0.19352249315895306,5.458519026699825,0.11939489381608395,5.581475096142635,0.2224475289331999,0.08860319825670082,-0.03435287118610919,0.12295606944281001,3729600.0,3729705.7
581156,23696858,2066820,2275,216,PSR0100145800.hg.1,2,3730000.0,3730148.0,probeset_region,7200.0,4816.1113,5055.222,123.77778,103.22222,156.66667,8235.444,7500.222,7571.1113,12.813981551614678,12.233952551056955,12.303844140895634,6.963217220759615,6.70351909933864,7.300733919158998,13.00780594658489,12.872909956539967,12.886479906923086,6.989156746419084,0.29945121388440593,12.450592747855756,0.31663824090837434,12.922398603349315,0.0742754777653409,5.9332418569302305,5.461436001436672,0.47180585549355847,3730074.0,3730022.2
1070521,23696858,2066821,1200,399,PSR0100145800.hg.1,2,3730000.0,3730148.0,probeset_region,9564.223,8258.777,8142.4443,116.888885,109.111115,127.44444,9770.333,9660.889,9038.0,13.223582836226573,13.011887176549273,12.991423407822136,6.881283897976167,6.7828162901715805,7.005000662015305,13.254339673117578,13.238089514221647,13.14194745831562,6.8897002833876835,0.11133103983365993,13.075631140199327,0.12853781438017875,13.21145888188495,0.060744509389834174,6.321758598497266,6.185930856811644,0.13582774168562217,3730074.0,3730042.92
1766631,23696858,2066822,510,659,PSR0100145800.hg.1,2,3730000.0,3730148.0,probeset_region,2735.889,1625.3334,1693.2222,82.333336,65.888885,65.666664,3498.6667,3857.2222,4232.0,11.41832116490181,10.66740730330043,10.726407356268721,6.3808218279684885,6.063694602181909,6.058893634019119,11.773001834196739,11.91372050513524,12.04746477331842,6.167803354723172,0.18449502644149843,10.937378608156989,0.4175518635196717,11.911395704216801,0.13724623769819974,5.743592349493629,4.769575253433817,0.9740170960598125,3730074.0,3730063.64
2782183,23696858,2066823,342,1038,PSR0100145800.hg.1,2,3730000.0,3730148.0,probeset_region,9517.333,8062.8887,7998.4443,207.44444,114.111115,103.22222,10567.556,10036.111,10341.223,13.216493214083316,12.97726000613353,12.965684074458425,7.70351909933864,6.846883328741884,6.70351909933864,13.367490605969829,13.293056502201802,13.336258649395386,7.084640509139722,0.5407368654188905,13.053145764891758,0.14158139855425367,13.332268585855672,0.03737712410319412,6.247628076715951,5.968505255752036,0.2791228209639147,3730074.0,3730084.36
4286387,23696858,2066824,1066,1599,PSR0100145800.hg.1,2,3730000.0,3730148.0,probeset_region,10625.556,9783.444,9518.223,243.11111,95.666664,170.22223,11487.444,11170.111,11129.0,13.375386438168318,13.25627420638283,13.216628051917805,7.931394173020817,6.594946551338986,7.419726202214014,13.487895833688707,13.447485095166712,13.442165972229322,7.315355642191272,0.6743092552563336,13.282762898822986,0.08262744351369339,13.459182300361581,0.025008468851606735,6.143826658170309,5.967407256631714,0.17641940153859537,3730074.0,3730105.08
5476986,23696858,2066825,1745,2043,PSR0100145800.hg.1,2,3730000.0,3730148.0,probeset_region,5760.8887,3952.7778,3691.2222,91.0,77.0,98.333336,5711.778,6473.222,7056.8887,12.492326070448751,11.949016091077759,11.850273649938137,6.523561956057013,6.285402218862249,6.634206056676876,12.479976709760011,12.660491158260955,12.785020958503079,6.48105674386538,0.17824435226998112,12.097205270488216,0.3457280034096791,12.641829608841348,0.15337597104129752,6.160772864975969,5.616148526622836,0.5446243383531328,3730074.0,3730125.8
52795,23696859,2066826,1874,19,PSR0100145801.hg.1,2,3730927.0,3731065.0,probeset_region,7741.4443,5881.1113,5750.4443,86.44444,51.22222,36.333332,8849.223,9199.667,8065.1113,12.91857339038823,12.522118374397762,12.489708584133457,6.4502947960934085,5.706591921703773,5.222392372198547,13.111498036018958,13.167522736205777,12.977657602558796,5.793093029998576,0.6185045852327136,12.64346678297315,0.23879977535337146,13.085559458261178,0.09755408554114374,7.292466428262602,6.850373752974574,0.44209267528802876,3730996.0,3730947.7
1183597,23696859,2066827,1716,441,PSR0100145801.hg.1,2,3730927.0,3731065.0,probeset_region,10489.223,8982.777,8866.556,272.0,220.11111,335.55554,11651.556,11315.777,11099.889,13.356757679167075,13.133106456718464,13.114320766040748,8.092757140919852,7.7886277361131,8.39470080321168,13.508358784172723,13.466175562797428,13.438387554430026,8.092028560081545,0.30303719043724403,13.201394967308763,0.1348755156451179,13.470973967133395,0.03523154497115985,5.37894540705185,5.109366407227219,0.2695789998246312,3730996.0,3730967.02
2468941,23696859,2066828,660,921,PSR0100145801.hg.1,2,3730927.0,3731065.0,probeset_region,9947.333,8811.667,9235.0,157.11111,54.11111,70.666664,11154.333,11115.223,10947.111,13.280239085409379,13.105362975105495,13.173052457774116,7.304794976024127,5.784271297848908,6.163230297673468,13.445445960952995,13.440379016452328,13.418394389781218,6.417432190515501,0.7914935348543465,13.186218172762997,0.0881783166494486,13.43473978906218,0.014380456873262636,7.017307598546679,6.768785982247496,0.24852161629918257,3730996.0,3730986.34
2795420,23696859,2066829,179,1043,PSR0100145801.hg.1,2,3730927.0,3731065.0,probeset_region,9307.111,7447.0,6412.6665,251.22223,288.33334,259.0,12861.0,12917.667,12638.667,13.184272750623801,12.862637357558794,12.646933623525946,7.978551619526765,8.176588782446316,8.022367813028454,13.650827374138768,13.65716959331383,13.625670833962538,8.059169405000512,0.1040213793076431,12.897947910569513,0.2704042542990279,13.644555933805044,0.01665956731317577,5.585386528804532,4.838778505569001,0.746608023235531,3730996.0,3731005.66
3825269,23696859,2066830,908,1427,PSR0100145801.hg.1,2,3730927.0,3731065.0,probeset_region,9981.333,8381.0,7865.6665,155.55556,140.88889,135.88889,10330.889,10809.667,10809.667,13.285161317203766,13.03307880613062,12.941536708566217,7.2905309104910145,7.148617773783075,7.0968615035159335,13.334816382879985,13.400167916186845,13.400167916186845,7.178670062596674,0.1002712064688657,13.0865922773002,0.1779529056036749,13.378384071751226,0.037730725346670255,6.199714009154552,5.907922214703526,0.29179179445102577,3730996.0,3731024.98
5872327,23696859,2066831,446,2191,PSR0100145801.hg.1,2,3730927.0,3731065.0,probeset_region,6781.8887,5020.6665,4925.1113,101.55556,113.44444,133.0,7689.0,6869.1113,7509.3335,12.727684098591377,12.293950505000566,12.26623351719221,6.68026186005371,6.838503599255667,7.066089190457772,12.908767882849189,12.746117762341926,12.874661256646387,6.86161821658905,0.19394946860595647,12.429289373594719,0.25878874933556506,12.843182300612503,0.08577271669939251,5.981564084023453,5.567671157005669,0.413892927017784,3730996.0,3731044.3
776062,23696860,2066832,1541,289,PSR0100145802.hg.1,2,3731463.0,3731555.0,probeset_region,41.77778,90.888885,107.55556,85.77778,62.11111,97.111115,8486.111,8473.0,8574.777,5.418789662729274,6.521818464491284,6.762289773058089,6.439253750792996,5.979822108373206,6.616344676067488,13.051057886528914,13.04882741336389,13.066051733690315,6.3451401784112305,0.32853198957768764,6.234299300092882,0.7164136996426369,13.055312344527707,0.009367209420336668,6.710172166116476,-0.11084087831834832,6.8210130444348245,3731509.0,3731476.8
2623655,23696860,2066833,2614,978,PSR0100145802.hg.1,2,3731463.0,3731555.0,probeset_region,29.555555,87.666664,69.55556,147.22223,38.444443,76.333336,9202.444,10269.223,10392.333,4.933362796963446,6.470319893400748,6.1406878148845845,7.211618015750605,5.3017501509390845,6.273018541849905,13.16795816718247,13.326179838867255,13.343370761678555,6.2621289028465315,0.9549804989831713,5.848123501749593,0.8091691337800506,13.27916958924276,0.0966947116148554,7.017040686396229,-0.4140054010969383,7.431046087493168,3731509.0,3731489.68
3174146,23696860,2066834,1025,1184,PSR0100145802.hg.1,2,3731463.0,3731555.0,probeset_region,45.88889,53.22222,87.55556,135.88889,33.666668,58.77778,8168.3335,9037.0,9459.444,5.551174200306211,5.760812313565472,6.4685109401689616,7.0968615035159335,5.115477270337673,5.901537381573214,12.996002663999478,13.141787841671004,13.207692229981424,6.037958718475607,0.9977118600796161,5.926832484680215,0.4806752505468024,13.115160911883969,0.10832757326193039,7.077202193408362,-0.11112623379539155,7.1883284272037535,3731509.0,3731502.56
3599761,23696860,2066835,520,1343,PSR0100145802.hg.1,2,3731463.0,3731555.0,probeset_region,34.555557,87.77778,62.77778,80.55556,39.77778,45.555557,7132.8887,8001.1113,8049.778,5.152003162238109,6.472126705261497,5.994981944409141,6.349711281392425,5.349711281392425,5.540881484795891,12.800472986619452,12.966164984754824,12.974912461703319,5.746768015860248,0.5308407932283327,5.873037270636249,0.6684567449037659,12.913850144359197,0.0982848640997108,7.167082128498949,0.12626925477600093,7.040812873722948,3731509.0,3731515.44
4788366,23696860,2066836,1885,1786,PSR0100145802.hg.1,2,3731463.0,3731555.0,probeset_region,55.555557,143.44444,82.666664,189.55556,40.0,135.88889,11143.556,12623.223,12031.556,5.821596887882458,7.174370889539828,6.3865810093774655,7.5740678724538855,5.357552004618084,7.0968615035159335,13.44405147671844,13.623906935374274,13.554655476949984,6.676160460195969,1.1666094779230345,6.4608495955999174,0.6794381811943122,13.540871296347566,0.09071658739301805,6.864710836151597,-0.2153108645960513,7.080021700747649,3731509.0,3731528.32
5967618,23696860,2066837,1937,2226,PSR0100145802.hg.1,2,3731463.0,3731555.0,probeset_region,49.11111,62.88889,56.333332,80.888885,35.22222,55.88889,8644.0,9408.223,9593.0,5.647058609610308,5.997493153960634,5.8413022219841695,6.3555957479138705,5.178803119025299,5.830075009306603,13.077650248529643,13.199859824162436,13.227916724201489,5.788157958748592,0.5895150568028189,5.828617995185037,0.17556127043178957,13.168475598964525,0.0798982516777703,7.380317640215933,0.04046003643644536,7.339857603779488,3731509.0,3731541.2
1657526,23696861,2066838,1285,618,PSR0100145805.hg.1,2,3732763.0,3733079.0,probeset_region,110.333336,108.44444,111.77778,153.33333,89.22222,107.77778,11629.667,11154.333,10750.777,6.798741824707655,6.774054890552412,6.817339021474452,7.26990583499312,6.495410902187581,6.765240059404375,13.505646213998483,13.445445960952995,13.392287546626067,6.843518932195025,0.3931364733516784,6.796711912244839,0.02171334626155302,13.447793240525847,0.05671577521428589,6.604274308330822,-0.04680701995018577,6.651081328281008,3732921.0,3732810.4
1985978,23696861,2066839,97,741,PSR0100145805.hg.1,2,3732763.0,3733079.0,probeset_region,201.66667,251.22223,154.66667,179.33333,193.22223,323.55554,11842.556,10789.556,10671.111,7.662965048929303,7.978551619526765,7.282316286127219,7.494522242414754,7.601564518433066,8.342321581095788,13.531814650449558,13.397481538457518,13.381558001006185,7.812802780647869,0.46168943266512763,7.641277651527762,0.3486239625628648,13.436951396637753,0.08253888449732706,5.624148615989884,-0.17152512912010653,5.7956737451099904,3732921.0,3732854.64
2462095,23696861,2066840,1854,918,PSR0100145805.hg.1,2,3732763.0,3733079.0,probeset_region,225.33333,159.44444,146.33333,273.0,209.22223,143.11111,11060.0,10266.0,10465.444,7.822305231102693,7.325930010199859,7.202940008865344,8.098032082960527,7.715771418437842,7.171037796755075,13.433194201814974,13.325727069736166,13.353483792195467,7.661613766051148,0.4658641327129802,7.450391750055965,0.3279045030878454,13.370801687915536,0.055787348506981124,5.709187921864388,-0.2112220159951832,5.920409937859572,3732921.0,3732898.88
3620955,23696861,2066841,274,1351,PSR0100145805.hg.1,2,3732763.0,3733079.0,probeset_region,460.44446,462.55554,294.8889,449.66666,401.1111,462.22223,10392.333,10197.556,9787.444,8.850013197388028,8.856598398865028,8.208911695235233,8.815916902996266,8.651450403095897,8.855560676487476,13.343370761678555,13.316077229409112,13.256863877160674,8.774309327526547,0.10822958781381202,8.638507763829429,0.3720556784048798,13.305437289416114,0.044224048995297346,4.531127961889567,-0.13580156369711816,4.666929525586685,3732921.0,3732943.12
4121957,23696861,2066842,116,1538,PSR0100145805.hg.1,2,3732763.0,3733079.0,probeset_region,218.0,198.66667,121.0,190.44444,131.77777,256.0,11327.556,11129.0,11582.777,7.774787059601174,7.641449728818513,6.930737337562887,7.5807819720062115,7.052869827739506,8.005624549193879,13.467676315807445,13.442165972229322,13.499818156752156,7.546425449646532,0.4773056335147203,7.448991375327524,0.4537456850368652,13.469886814929643,0.028889588519752787,5.923461365283111,-0.09743407431900764,6.020895439602119,3732921.0,3732987.36
5898133,23696861,2066843,2132,2200,PSR0100145805.hg.1,2,3732763.0,3733079.0,probeset_region,37.555557,58.333332,53.11111,96.44444,32.77778,52.77778,8972.0,9760.333,9268.556,5.2688669145762335,5.890770899327012,5.757852949339322,6.60650800590119,5.078002548208146,5.74893825857379,13.131374695840508,13.25286246036456,13.178284469616731,5.811149604227708,0.7661494124486481,5.639163587747523,0.3275004045471177,13.187507208607267,0.06126673990125872,7.3763576043795585,-0.17198601648018563,7.548343620859744,3732921.0,3733031.6
71265,23696862,2066844,1584,26,PSR0100145807.hg.1,2,3733092.0,3733141.0,probeset_region,711.3333,402.0,883.7778,664.55554,627.3333,764.3333,904.8889,764.2222,605.1111,9.476408650733639,8.654636028527968,9.78917132978162,9.378415256833128,9.29538626072128,9.579944387603,9.823190341438197,9.579734973035197,9.243438415200284,9.417915301719136,0.14633359851075126,9.306738669681076,0.5859893465759101,9.548787909891226,0.29111228852810445,0.13087260817209057,-0.11117663203805961,0.24204924021015017,3733116.5,3733099.35
1566521,23696862,2066845,1400,584,PSR0100145807.hg.1,2,3733092.0,3733141.0,probeset_region,74.77778,64.333336,104.77778,77.77778,113.888885,93.111115,95.0,101.888885,82.44444,6.2437029437209945,6.029747399551651,6.72489277342749,6.299716831321731,6.844095426292777,6.556293209870474,6.584962500721156,6.6849433342719635,6.3827440667593365,6.566701822494994,0.27233851743416354,6.332781038900045,0.3560308315101249,6.550883300584151,0.15395500392249536,-0.015818521910842875,-0.23392078359494928,0.2181022616841064,3733116.5,3733106.21
2786285,23696862,2066846,1764,1039,PSR0100145807.hg.1,2,3733092.0,3733141.0,probeset_region,827.7778,741.1111,762.2222,897.44446,710.3333,718.2222,1224.4445,794.8889,731.3333,9.694841498175913,9.535491344704875,9.575959380518931,9.81128550860903,9.474381918840326,9.490293800696753,10.259089381700319,9.636423274442137,9.516356613622412,9.591987076048703,0.19008458351117152,9.602097407799906,0.0828282271053572,9.803956423254958,0.39870228010073017,0.2119693472062547,0.01011033175120346,0.20185901545505125,3733116.5,3733113.07
5410905,23696862,2066847,2664,2018,PSR0100145807.hg.1,2,3733092.0,3733141.0,probeset_region,138.0,244.0,197.33333,159.22223,129.55556,138.55556,141.77777,142.11111,158.22223,7.118941072723508,7.936637939002571,7.631783320476201,7.323930508863084,7.028520058745181,7.124695764976209,7.157627574113543,7.160991910855191,7.314897954267925,7.159048777528159,0.15067159856210904,7.562454110734092,0.41323352450309375,7.211172479745554,0.08984464502181665,0.05212370221739526,0.4034053332059333,-0.35128163098853804,3733116.5,3733119.93
6118546,23696862,2066848,105,2283,PSR0100145807.hg.1,2,3733092.0,3733141.0,probeset_region,990.8889,476.44446,671.8889,767.2222,749.6667,671.8889,1502.3334,735.0,1111.5555,9.954034748605615,8.899189101316088,9.394224546703997,9.585379899555857,9.552028650459924,9.394224546703997,10.55394925647042,9.523561956057012,10.119661646050329,9.51054436557326,0.10210681490673497,9.415816132208567,0.5277541874062831,10.065724286192587,0.5173068976000851,0.5551799206193273,-0.09472823336469283,0.6499081539840201,3733116.5,3733126.79
6567760,23696862,2066849,1759,2450,PSR0100145807.hg.1,2,3733092.0,3733141.0,probeset_region,91.333336,93.888885,109.888885,70.888885,77.111115,122.333336,89.44444,77.0,92.77778,6.528779705064095,6.5681672066236585,6.792970959779157,6.1676968325014165,6.287455940258328,6.946418989543506,6.49895995577998,6.285402218862249,6.551174200306211,6.467190587434416,0.41932142446303194,6.629972623822304,0.1425278462732935,6.44517879164948,0.1408119197425641,-0.022011795784936616,0.16278203638788735,-0.18479383217282397,3733116.5,3733133.65
1550767,23696863,2066850,1726,578,PSR0100145808.hg.1,2,3733142.0,3733292.0,probeset_region,62.666668,99.666664,55.0,74.111115,61.22222,56.22222,96.44444,58.666668,52.22222,5.99246635612844,6.653442202157268,5.807354922057604,6.230954499969395,5.959357995847494,5.838503599255667,6.60650800590119,5.898853307288602,5.733956821314975,6.009605365024186,0.20099260172861652,6.1510878267811036,0.44478815137166405,6.079772711501589,0.4635571869211912,0.07016734647740375,0.14148246175691792,-0.07131511527951417,3733217.0,3733164.5
2399956,23696863,2066851,1355,895,PSR0100145808.hg.1,2,3733142.0,3733292.0,probeset_region,42.77778,48.0,49.333332,40.555557,32.333332,41.0,84.55556,98.0,50.0,5.452126845950332,5.614709844115208,5.653442202157268,5.376969517305696,5.058893634019119,5.392317422778761,6.418789662729274,6.6293566200796095,5.672425341971495,5.276060191367859,0.18822825179454333,5.573426297407603,0.106818615338108,6.240190541593459,0.502844511065072,0.9641303502256005,0.29736610603974434,0.6667642441858561,3733217.0,3733185.5
3950970,23696863,2066852,649,1474,PSR0100145808.hg.1,2,3733142.0,3733292.0,probeset_region,101.333336,98.22222,87.666664,84.44444,102.333336,122.0,153.55556,118.666664,122.55556,6.6771323805020835,6.632591351353166,6.470319893400748,6.416914757893013,6.691161940059176,6.94251450533924,7.271981718925792,6.902877502442035,6.949016091077759,6.683530401097143,0.26288296620184665,6.593347875085333,0.10884800883547671,7.041291770815195,0.20111086857695315,0.3577613697180517,-0.09018252601181054,0.44794389572986226,3733217.0,3733206.5
4617425,23696863,2066853,2464,1722,PSR0100145808.hg.1,2,3733142.0,3733292.0,probeset_region,61.22222,91.888885,54.666668,71.55556,60.22222,69.333336,48.444443,83.55556,60.22222,5.959357995847494,6.537434077974026,5.798741824707655,6.181014213815878,5.9359834871526385,6.1361367401513816,5.62773647494228,6.40182767098867,5.9359834871526385,6.084378147039966,0.1304577641343497,6.098511299509725,0.38850906385697337,5.988515877694529,0.389710192311116,-0.09586226934543696,0.01413315246975877,-0.10999542181519573,3733217.0,3733227.5
5909591,23696863,2066854,190,2205,PSR0100145808.hg.1,2,3733142.0,3733292.0,probeset_region,663.8889,746.44446,877.2222,704.0,707.6667,785.0,566.8889,423.77777,719.6667,9.376969517305696,9.545822567568651,9.778442241282942,9.461479447286155,9.468963422228159,9.618385502258606,9.149464943472093,8.730564460359346,9.49318834774204,9.516276123924307,0.08850845342731936,9.567078108719096,0.20157860885179815,9.12440591719116,0.3819290045287004,-0.391870206733147,0.05080198479478959,-0.4426721915279366,3733217.0,3733248.5
6173765,23696863,2066855,1724,2303,PSR0100145808.hg.1,2,3733142.0,3733292.0,probeset_region,65.111115,84.111115,110.666664,82.666664,101.77778,96.22222,81.44444,93.111115,72.333336,6.046820930748888,6.411275637959874,6.803054751767591,6.3865810093774655,6.6833845658607025,6.6032141926980765,6.365350345510325,6.556293209870474,6.196397262834819,6.5577265893120815,0.15354129519977908,6.420383773492117,0.37819917584890655,6.372680272738539,0.1800599040543201,-0.1850463165735423,-0.13734281581996477,-0.047703500753577543,3733217.0,3733269.5
1082508,23696864,2066856,2467,403,PSR0100145809.hg.1,2,3733293.0,3733367.0,probeset_region,161.0,215.66667,259.44446,152.44444,157.55556,277.33334,194.77777,316.1111,298.22223,7.339850002884624,7.759333441062013,8.024831928112286,7.261572586875276,7.308844633460065,8.120669939367872,7.613073157503573,8.308844633460065,8.225073545757137,7.56369571990107,0.4829325754803332,7.708005124019642,0.34536358605091866,8.048997112240258,0.3798376883863513,0.48530139233918757,0.1443094041185713,0.34099198822061627,3733330.0,3733304.1
2317287,23696864,2066857,1766,864,PSR0100145809.hg.1,2,3733293.0,3733367.0,probeset_region,121.0,59.444443,128.55556,80.55556,125.77778,65.888885,86.111115,108.666664,96.77778,6.930737337562887,5.91753779934152,7.017427090637926,6.349711281392425,6.9861580844930735,6.063694602181909,6.444784898830495,6.776981239558493,6.611434724590176,6.466521322689136,0.4721950427103345,6.621900742514111,0.6115342550569989,6.611066954326389,0.16609847572898825,0.14454563163725265,0.15537941982497472,-0.010833788187722071,3733330.0,3733314.46
4232171,23696864,2066858,450,1579,PSR0100145809.hg.1,2,3733293.0,3733367.0,probeset_region,76.0,92.666664,69.666664,69.77778,78.0,91.0,65.22222,65.888885,106.888885,6.266786540694901,6.549463780329344,6.142957901922752,6.1452245780932495,6.303780748177103,6.523561956057013,6.049243500551913,6.063694602181909,6.753402438634389,6.324189094109122,0.18999254808777272,6.319736074315666,0.20836145787494167,6.28878018045607,0.4024395491010049,-0.03540891365305221,-0.0044530197934555815,-0.030955893859596628,3733330.0,3733324.82
4625129,23696864,2066859,2128,1725,PSR0100145809.hg.1,2,3733293.0,3733367.0,probeset_region,219.0,161.22223,259.55554,186.77777,179.88889,206.77777,191.22223,251.22223,202.11111,7.78135971352466,7.34182771263679,8.025447130860112,7.552882477623614,7.49895995577998,7.698897506244388,7.586631371980685,7.978551619526765,7.666125377700855,7.583579979882661,0.10344326225102876,7.716211519007188,0.34643483179331597,7.743769456402769,0.2071758246689197,0.16018947652010862,0.1326315391245272,0.027557937395581433,3733330.0,3733335.18
4693235,23696864,2066860,554,1751,PSR0100145809.hg.1,2,3733293.0,3733367.0,probeset_region,1639.2222,1598.1111,1892.8889,2011.3334,1847.7778,1867.1111,1911.0,2667.2222,2394.4443,10.679675525675282,10.64305444533582,10.887135998249148,10.974653614263381,10.852356150894462,10.867364529617845,10.900866807980748,11.381663081350405,11.226077573941208,10.898124764925228,0.06669941111990656,10.736621989753417,0.1316287428580749,11.169535821090784,0.24533444821933612,0.2714110561655563,-0.16150277517181166,0.43291383133736794,3733330.0,3733345.54
5222604,23696864,2066861,1963,1948,PSR0100145809.hg.1,2,3733293.0,3733367.0,probeset_region,283.0,216.66667,326.22223,311.77777,208.22223,305.0,342.1111,354.33334,240.22223,8.149747119504681,7.765976714537034,8.35412694717538,8.288994174244598,7.7088923299351215,8.257387842692651,8.422532050083397,8.473029263339669,7.9142190497325355,8.085091448957456,0.32618104315460894,8.089950260405699,0.2985999368833037,8.269926787718534,0.3090849208292101,0.1848353387610775,0.004858811448242406,0.1799765273128351,3733330.0,3733355.9
1504147,23696865,2066862,666,561,PSR0100145810.hg.1,2,3733368.0,3736200.0,probeset_region,323.22223,269.66666,291.1111,251.0,280.55554,235.77777,178.22223,144.33333,124.44444,8.340839196652109,8.080373362242888,8.190373441922617,7.977279923499917,8.137275738199587,7.887389835019359,7.485605776304227,7.1832217735654496,6.970904749832212,8.000648498906289,0.1265713588828138,8.203862000272538,0.1307557594463522,7.213244099900629,0.258660572414445,-0.7874043990056601,0.20321350136624972,-0.9906179003719098,3734784.0,3733792.8
5003716,23696865,2066863,155,1867,PSR0100145810.hg.1,2,3733368.0,3736200.0,probeset_region,52.555557,57.444443,52.11111,38.0,38.88889,55.0,68.111115,38.11111,50.444443,5.74296438045939,5.868993945998698,5.730941795024953,5.285402218862249,5.3179150477106685,5.807354922057604,6.1108458394721445,5.289506601560198,5.6849433342719635,5.470224062876841,0.2924161130459494,5.780966707161014,0.07647046307674682,5.695098591768102,0.4107637798961269,0.22487452889126125,0.310742644284173,-0.08586811539291173,3734784.0,3734189.28
5364105,23696865,2066864,1424,2001,PSR0100145810.hg.1,2,3733368.0,3736200.0,probeset_region,28.88889,28.444445,38.333332,41.88889,26.333334,41.11111,43.444443,32.555557,28.222221,4.901537381573214,4.8799235583921075,5.297680502001321,5.422532050083397,4.772589537454517,5.396129022207817,5.473931133297963,5.068479810776074,4.868993945998698,5.197083536581911,0.3678595471666125,5.026380480655547,0.235201117184398,5.137134963357578,0.3082570317549608,-0.059948573224332335,-0.1707030559263636,0.11075448270203125,3734784.0,3734585.76
5938793,23696865,2066865,2592,2215,PSR0100145810.hg.1,2,3733368.0,3736200.0,probeset_region,32.77778,46.11111,45.555557,34.22222,37.88889,51.22222,40.88889,51.0,36.555557,5.078002548208146,5.557995440141064,5.540881484795891,5.138413993975045,5.281286126114145,5.706591921703773,5.388495726424349,5.700439718141092,5.230954499969395,5.3754306805976535,0.2955569949158738,5.3922931577150335,0.2723181269857873,5.439963314844945,0.23893676362963753,0.06453263424729183,0.01686247711737998,0.04767015712991185,3734784.0,3734982.24
6620040,23696865,2066866,439,2470,PSR0100145810.hg.1,2,3733368.0,3736200.0,probeset_region,40.444443,30.222221,44.77778,36.333332,34.22222,37.11111,38.11111,35.77778,31.777779,5.373106759794749,4.9645012796081875,5.516575552456658,5.222392372198547,5.138413993975045,5.2521397486854715,5.289506601560198,5.200762438618348,5.034646180118381,5.204315371619688,0.05897855782875721,5.284727863953198,0.286451780598272,5.174971740098976,0.1293728282985382,-0.029343631520712066,0.08041249233350989,-0.10975612385422195,3734784.0,3735378.72
6691637,23696865,2066867,2356,2496,PSR0100145810.hg.1,2,3733368.0,3736200.0,probeset_region,51.88889,76.888885,67.44444,74.666664,76.0,55.11111,88.0,112.22222,100.0,5.72489277342749,6.283345569761521,6.0968615035159335,6.241585938081258,6.266786540694901,5.810214565298934,6.475733430966398,6.823013323921844,6.658211482751795,6.106195681358365,0.25663667584907285,6.0350332822349815,0.28431396051442775,6.652319412546679,0.17371490546658053,0.546123731188314,-0.0711623991233834,0.6172861303116974,3734784.0,3735775.2
1013539,23153069,76201,498,378,JUC0100047895.hg.1,1,,,junction,171.33333,131.77777,201.0,174.11111,159.88889,124.111115,6212.0,5832.6665,5296.0,7.429057927013934,7.052869827739506,7.658211482751795,7.452126845950332,7.3299208552351205,6.967066149738768,12.601074338941668,12.510187197995721,12.370959793297386,7.249704616974739,0.2522834782794869,7.380046412501745,0.3056325019354751,12.494073776744926,0.11590042186106488,5.244369159770187,0.13034179552700564,5.1140273642431815,,
1185398,23153069,76202,837,442,JUC0100047895.hg.1,1,,,junction,167.33333,179.77777,153.0,233.66667,181.55556,113.55556,7669.222,6917.0,6899.778,7.395177033326358,7.498073480109061,7.266786540694901,7.874469149185714,7.512191776906288,6.839903637277668,12.905052650654282,12.756139298372927,12.752543271359839,7.408854854456557,0.5249669887368404,7.3866790180434405,0.11587741058421967,12.804578406795683,0.08703182240874696,5.395723552339126,-0.02217583641311638,5.417899388752242,,
4007555,23153069,76203,954,1495,JUC0100047895.hg.1,1,,,junction,149.0,199.44444,139.44444,248.44444,195.55556,172.55556,6835.6665,6314.5557,6860.6665,7.22881869049588,7.647058609610308,7.133855729318825,7.9625747183805045,7.61879334369234,7.439253750792996,12.73907733629984,12.624693957474634,12.744343293266395,7.673540604288614,0.2659213336426373,7.336577676475005,0.2730444988995482,12.702704862346955,0.06761071316694058,5.0291642580583416,-0.3369629278136088,5.36612718587195,,
6109565,23153069,76204,1844,2279,JUC0100047895.hg.1,1,,,junction,128.55556,115.888885,159.44444,143.11111,93.55556,113.111115,7754.222,7331.4443,7290.0,7.017427090637926,6.868993945998698,7.325930010199859,7.171037796755075,6.563090346111781,6.834295507745949,12.920952396166607,12.84007849850361,12.83190098619642,6.8561412168709355,0.3045619016576111,7.070783682278827,0.23309404989309024,12.864310626955545,0.049223322128874154,6.0081694100846095,0.21464246540789134,5.793526944676718,,
724207,23153070,76205,606,270,JUC0100047896.hg.1,1,,,junction,46.555557,55.11111,65.111115,70.333336,78.77778,57.11111,8866.556,9090.111,8670.0,5.571542036392898,5.810214565298934,6.046820930748888,6.156504537114054,6.3179150477106685,5.86074212428179,13.114320766040748,13.150240949771666,13.081982669325678,6.111720569702172,0.23185334434074517,5.809525844146907,0.23764019569021172,13.11551479504603,0.03414480181974836,7.003794225343858,-0.30219472555526483,7.305988950899123,,
795462,23153070,76206,2181,296,JUC0100047896.hg.1,1,,,junction,58.77778,74.666664,45.11111,66.666664,80.77778,84.111115,9651.667,9667.777,9887.444,5.901537381573214,6.241585938081258,5.527042511530662,6.080373362242888,6.353636969569713,6.411275637959874,13.23671189282604,13.239117751237902,13.271527856671643,6.281761989924159,0.1767727030481708,5.890055277061712,0.35741006721926066,13.249119166911862,0.019443741184172,6.967357176987703,-0.3917067128624474,7.359063889850151,,
5291197,23153070,76207,876,1974,JUC0100047896.hg.1,1,,,junction,58.444443,55.88889,87.111115,101.55556,36.444443,87.77778,9550.667,9815.111,9594.667,5.893470038698945,5.830075009306603,6.461252109781915,6.68026186005371,5.226679714416758,6.472126705261497,13.221536824249062,13.260935895890194,13.228167375905777,6.126356093243988,0.7860618618339483,6.061599052595821,0.3475581347437539,13.23688003201501,0.021095129625202328,7.110523938771022,-0.06475704064816679,7.175280979419189,,
5828559,23153070,76208,2238,2174,JUC0100047896.hg.1,1,,,junction,46.11111,96.111115,40.88889,111.44444,54.666668,55.0,8708.0,9602.667,9692.444,5.557995440141064,6.601564518433066,5.388495726424349,6.813068551499251,5.798741824707655,5.807354922057604,13.088291357347817,13.229369663548095,13.242793668923795,6.1397217660881696,0.5831513237823159,5.849351894999494,0.6569249663219733,13.186818229939902,0.0855903583773574,7.047096463851733,-0.29036987108867596,7.337466334940409,,
4874681,23153071,76209,2440,1818,JUC0100047897.hg.1,1,,,junction,71.55556,94.333336,84.44444,135.88889,37.555557,67.55556,10093.223,10687.223,10462.0,6.181014213815878,6.574908874542861,6.416914757893013,7.0968615035159335,5.2688669145762335,6.09920171338584,13.301242194314566,13.383734346901617,13.35300894667723,6.154976710492669,0.9152727418780184,6.390945948750584,0.198227231286504,13.345995162631139,0.04169093048368228,7.19101845213847,0.2359692382579155,6.955049213880555,,
5094622,23153071,76210,2621,1900,JUC0100047897.hg.1,1,,,junction,48.0,57.444443,48.0,143.11111,50.88889,73.22222,9963.333,10776.111,10965.777,5.614709844115208,5.868993945998698,5.614709844115208,7.171037796755075,5.697353750052028,6.21377927455436,13.282557521886323,13.395682912829223,13.42085202258883,6.360723607120488,0.7477503895229649,5.699471211409705,0.14681099467307482,13.366364152434793,0.07366162172012278,7.0056405453143045,-0.6612523957107834,7.666892941025088,,
5193325,23153071,76211,2164,1937,JUC0100047897.hg.1,1,,,junction,44.22222,61.22222,50.444443,120.0,58.22222,74.111115,9781.556,10839.223,10751.889,5.49895995577998,5.959357995847494,5.6849433342719635,6.918863237274595,5.888066700666038,6.230954499969395,13.255995698941078,13.404106769245729,13.392436659155877,6.345961479303344,0.5249336424184374,5.714420428633146,0.23161015336872787,13.350846375780895,0.08235008221068033,7.004884896477551,-0.6315410506701973,7.636425947147749,,
6198430,23153071,76212,2269,2312,JUC0100047897.hg.1,1,,,junction,52.88889,77.77778,106.22222,99.111115,41.333332,117.22222,9731.111,11044.111,10695.777,5.751915946979486,6.299716831321731,6.7444601193070275,6.645458343236441,5.403722142716798,6.885357423714056,13.248537108392519,13.43112033982022,13.384888595757445,6.311512636555765,0.7952676139085497,6.265364299202748,0.49716300732514307,13.354848681323395,0.09492605777155809,7.04333604476763,-0.046148337353017155,7.089484382120647,,
611225,23153072,76213,184,228,JUC0100047898.hg.1,1,,,junction,9831.444,8316.333,7762.6665,130.11111,97.333336,90.55556,10660.777,10346.223,10262.777,13.26333439837599,13.02190528018931,12.922522431629913,7.034646180118381,6.619608680839537,6.516575552456658,13.380160338404135,13.33695595908503,13.325274158465374,6.723610137804859,0.27424718977527407,13.069254036731737,0.17527015641265886,13.34746348531818,0.028912441400247603,6.623853347513321,6.345643898926878,0.27820944858644303,,
2963284,23153072,76214,1883,1105,JUC0100047898.hg.1,1,,,junction,9371.111,7442.1113,7119.1113,95.0,83.55556,85.111115,10257.111,10127.667,10201.556,13.194158376248957,12.861690099457157,12.797684083617552,6.584962500721156,6.40182767098867,6.42812755552904,13.324477513187524,13.30615669679771,13.316642961358191,6.471639242412955,0.09901788543944781,12.951177519774555,0.21284728087455174,13.315759057114477,0.009192336119363785,6.844119814701521,6.4795382773616,0.36458153733992127,,
5685459,23153072,76215,1178,2121,JUC0100047898.hg.1,1,,,junction,10392.333,7382.6665,7475.222,83.55556,77.0,66.888885,10594.444,10367.333,10560.444,13.343370761678555,12.85012167729555,12.868093726386185,6.40182767098867,6.285402218862249,6.085103496318218,13.371156470120487,13.339896339787058,13.366519524265389,6.257444462056379,0.1602023028217194,13.020528721786762,0.27973377643439634,13.359190778057645,0.016869553279470133,7.1017463160012655,6.763084259730383,0.3386620562708824,,
6784840,23153072,76216,1759,2531,JUC0100047898.hg.1,1,,,junction,7950.3335,5992.4443,6325.3335,97.22222,50.0,84.77778,8138.778,8652.889,8850.111,12.95698111573487,12.549169619606722,12.627153894971833,6.617977545497887,5.672425341971495,6.422532050083397,12.990773702617874,13.07913284596188,13.111642893181616,6.23764497918426,0.4991539483342295,12.711101543437808,0.21647854363838148,13.060516480587124,0.06254811829070756,6.822871501402863,6.4734565642535475,0.3494149371493158,,
1811883,23153073,76217,202,676,JUC0100047899.hg.1,1,,,junction,7480.1113,6655.4443,6232.778,120.44444,76.55556,77.77778,8316.333,8905.223,8486.111,12.869036884785988,12.700536025211015,12.605891023786699,6.924152664088897,6.277158256305706,6.299716831321731,13.02190528018931,13.120597964380512,13.051057886528914,6.500342583905444,0.367203568032116,12.725154644594568,0.13328913442411008,13.064520377032913,0.050704935323336295,6.564177793127469,6.224812060689124,0.33936573243834545,,
5281927,23153073,76218,2326,1970,JUC0100047899.hg.1,1,,,junction,6934.0,5748.0,5844.778,90.0,96.77778,63.77778,6736.3335,7821.3335,8364.889,12.759680167210965,12.489095315413504,12.513179285424705,6.507794640198696,6.611434724590176,6.017427090637926,12.717961998749406,12.933383329669814,13.030303084269363,6.378885485142266,0.31729236516407017,12.58731825601639,0.1497547352368518,12.893882804229527,0.15987325310535958,6.514997319087261,6.208432770874124,0.30656454821313694,,
5433693,23153073,76219,1332,2027,JUC0100047899.hg.1,1,,,junction,9484.0,7746.4443,7032.778,63.555557,88.666664,51.11111,8162.0,9877.223,9672.556,13.211432058298838,12.919504768993692,12.780084051571757,6.012469389851681,6.486499820917662,5.70351909933864,12.994883741970835,13.270035772253465,13.239830556581092,6.067496103369327,0.39438009203244045,12.970340292954761,0.2201214746433294,13.168250023601798,0.15089728118280749,7.100753920232472,6.902844189585434,0.1979097306470372,,
6151787,23153073,76220,1186,2295,JUC0100047899.hg.1,1,,,junction,7077.3335,5104.8887,5124.4443,55.22222,46.11111,52.88889,6942.4443,7429.8887,7874.1113,12.789194020687185,12.317946366417141,12.323461365078431,5.813068551499251,5.557995440141064,5.751915946979486,12.761435782291318,12.859319039953661,12.943084603260235,5.707659979539934,0.13317100294356338,12.476867250727587,0.2704969726773406,12.854613141835072,0.09091579976921675,7.146953162295138,6.7692072711876525,0.3777458911074856,,
480351,23153074,76221,630,179,JUC0100047900.hg.1,1,,,junction,8810.111,7386.4443,6735.6665,167.66667,124.22222,104.55556,9879.111,9536.889,10220.0,13.10510827956935,12.850859639350636,12.717819165689884,7.398031117478646,6.96834678896337,6.7218587249483965,13.27031158270979,13.219454228070475,13.319248732817503,7.02941221046347,0.3421973339788888,12.891262361536624,0.19678033286488308,13.26967151453259,0.049900331260220296,6.240259304069119,5.8618501510731535,0.37840915299596567,,
788379,23153074,76222,458,294,JUC0100047900.hg.1,1,,,junction,8957.223,7682.8887,7370.778,202.66667,99.666664,170.66667,8637.0,9275.777,9840.667,13.12899680942632,12.907620901310327,12.847796876865578,7.670066105126671,6.653442202157268,7.423466164094626,13.076481601207021,13.17940799975007,13.264686986168993,7.248991490459521,0.530294351117606,12.961471529200743,0.14813260313376472,13.17352552904203,0.09424048667316087,5.924534038582508,5.712480038741222,0.21205399984128626,,
4285122,23153074,76223,2481,1598,JUC0100047900.hg.1,1,,,junction,7769.0,6319.222,6300.4443,219.44444,128.33333,113.888885,7644.778,9139.111,9351.111,12.923698883295073,12.625759557462128,12.621466827159175,7.784271297848908,7.014950284729426,6.844095426292777,12.900447564185486,13.157996022325706,13.191076388566929,7.214439002957037,0.5008287919929861,12.723641755972125,0.1732678490889061,13.08317332502604,0.159107213581701,5.868734322069003,5.509202753015088,0.3595315690539156,,
5047856,23153074,76224,1415,1883,JUC0100047900.hg.1,1,,,junction,8285.667,6438.6665,5540.8887,102.22222,102.888885,112.22222,8372.111,9439.889,10096.556,13.016576231891332,12.652770260949369,12.436162014220669,6.6896097730922355,6.698897506244388,6.823013323921844,13.031548091856505,13.204706951681816,13.30171847865265,6.737173534419489,0.07448434461773018,12.701836169020458,0.2933014891194592,13.17932450739699,0.1368620138453278,6.4421509729775,5.964662634600969,0.4774883383765314,,
167913,23153075,76225,1752,62,JUC0100047901.hg.1,1,,,junction,11638.556,9355.667,10177.556,404.55554,309.22223,403.0,15283.0,12249.111,12056.444,13.506748364471838,13.19177899287046,13.313245237217636,8.66375569896305,8.277158256305706,8.658211482751796,13.89973454235751,13.580507239944971,13.557636529358792,8.533041812673517,0.22161899827841566,13.33725753151998,0.15885172007248857,13.679292770553758,0.19125035533996398,5.146250957880241,4.8042157188464625,0.34203523903377864,,
4436743,23153075,76226,1342,1655,JUC0100047901.hg.1,1,,,junction,12605.111,9574.444,9508.0,368.0,327.77777,272.1111,12678.111,11876.667,12412.889,13.621835688297315,13.22512371962448,13.215077914822828,8.527477006060396,8.360968949993206,8.093344216842294,13.630166010875648,13.535963869784393,13.599667492506892,8.327263390965298,0.21902024609750154,13.354012440914873,0.23199611726790845,13.588599124388978,0.04806654164946176,5.26133573342368,5.026749049949576,0.23458668347410416,,
5058814,23153075,76227,1653,1887,JUC0100047901.hg.1,1,,,junction,11732.0,9082.556,9168.667,435.1111,407.8889,402.44446,12782.889,11857.667,12350.667,13.518284321454102,13.149041420811246,13.16265362617672,8.768551948441251,8.675565037538052,8.656226261859748,13.642039129314616,13.533654228232383,13.592418141931622,8.70011441594635,0.06005221854084075,13.27665978948069,0.2093636402822993,13.589370499826208,0.05425668426519836,4.889256083879857,4.576545373534339,0.31271071034551845,,
6125125,23153075,76228,1324,2285,JUC0100047901.hg.1,1,,,junction,12150.444,10369.223,10448.889,514.44446,321.55554,354.33334,12437.333,12350.667,12070.333,13.568840184117274,13.340159249748728,13.351199952153273,9.009673167370497,8.333403794519437,8.473029263339669,13.602505527195454,13.592418141931622,13.559297377728027,8.6053687417432,0.35702992776822046,13.420066462006425,0.12896003090273173,13.584740348951703,0.022604146165731778,4.979371607208503,4.814697720263224,0.16467388694527862,,
52825,23153076,76229,1904,19,JUC0100047902.hg.1,1,,,junction,5080.5557,3048.5557,3272.889,68.333336,53.666668,72.0,5755.1113,5313.4443,5451.778,12.311054514976746,11.574383334566216,11.676789656250516,6.115477270337673,5.772589537454517,6.189824558880018,12.490878779968346,12.375703139975325,12.412775660152958,6.025963788890736,0.22255507924230308,11.85407583526449,0.39905375447913377,12.426452526698876,0.05879327785416158,6.40048873780814,5.828112046373755,0.5723766914343855,,
1836259,23153076,76230,458,685,JUC0100047902.hg.1,1,,,junction,4869.8887,2650.889,2726.6667,44.333332,32.333332,44.666668,5278.4443,5359.6665,5322.222,12.2499692942479,11.37280462886452,11.413451678911056,5.502500300062676,5.058893634019119,5.5130696224105,12.366170377887272,12.38819667006551,12.378084063951619,5.358154518830766,0.25922140252573656,11.67874186734116,0.4951147600377557,12.377483703968133,0.011025412049560741,7.019329185137368,6.320587348510394,0.698741836626974,,
3216142,23153076,76231,141,1200,JUC0100047902.hg.1,1,,,junction,5829.778,3039.4443,1786.5555,49.333332,42.0,60.22222,6803.5557,6372.6665,6572.778,12.509472637995435,11.57006646175522,10.803772353916356,5.653442202157268,5.426264754702098,5.9359834871526385,12.732285241808993,12.637907818094169,12.682506984456813,5.671896814670667,0.2553599931371616,11.62777048455567,0.8543129874129145,12.68423334811999,0.047212390062197095,7.012336533449323,5.955873669885003,1.0564628635643203,,
5331061,23153076,76232,540,1989,JUC0100047902.hg.1,1,,,junction,5198.778,3518.4443,3457.3333,54.22222,40.22222,41.88889,4974.5557,5196.222,5991.4443,12.344234268016969,11.78113195299392,11.755861181338894,5.787177017973314,5.365350345510325,5.422532050083397,12.280641937759949,12.343525016512995,12.54892888734502,5.525019804522345,0.22882797088151866,11.960409134116594,0.3326423800949609,12.391031947205988,0.14031091610176788,6.866012142683643,6.435389329594249,0.43062281308939454,,
1356434,23153077,76233,353,506,JUC0100047903.hg.1,1,,,junction,10077.333,8989.777,9132.0,229.11111,74.111115,119.22222,10516.223,10605.777,11658.444,13.298969411220044,13.13423014139075,13.156873117949567,7.8461868580372816,6.230954499969395,6.909559772211777,13.360466153660107,13.37269876846767,13.509211413980688,6.995567043406152,0.8110436675426996,13.196690890186787,0.08929640527716427,13.414125445369487,0.08257369609206748,6.4185584019633355,6.201123846780635,0.2174345551827006,,
1605170,23153077,76234,2529,598,JUC0100047903.hg.1,1,,,junction,7791.0,6850.5557,6192.778,83.333336,49.11111,53.88889,8809.223,8732.444,9052.667,12.927777962082342,12.74221587770113,12.596603919793624,6.398031117478646,5.647058609610308,5.778442241282942,13.104962764762213,13.09233502744852,13.144286527678696,5.941177322790632,0.4010635323218766,12.755532586525698,0.16598814000373954,13.113861439963143,0.027094822555060908,7.172684117172511,6.814355263735066,0.35832885343744536,,
2084113,23153077,76235,1752,777,JUC0100047903.hg.1,1,,,junction,11666.333,10884.0,9979.556,522.3333,245.88889,234.0,12332.777,12304.667,12523.111,13.510187197995721,13.410053787075569,13.284904424019318,9.03158628697177,7.947718080132397,7.876516946564999,13.590327086874957,13.587035236471271,13.61242061746157,8.285273771223055,0.6473053211025706,13.401715136363535,0.11287263567578604,13.5965943136026,0.013804455445522347,5.311320542379544,5.11644136514048,0.19487917723906456,,
4382831,23153077,76236,1030,1635,JUC0100047903.hg.1,1,,,junction,12699.0,14337.111,12213.889,904.2222,314.33334,300.77777,14337.111,20427.0,13938.223,13.63254087654689,13.807567378693925,13.57635309429946,9.822128202218613,8.300733919158997,8.237342730381537,13.807567378693925,14.318260343712415,13.766862488729751,8.78673495058638,0.8972368694206829,13.672153783180093,0.12058979271049085,13.964230070378697,0.3072739784692307,5.177495119792317,4.885418832593713,0.29207628719860423,,
1163962,23153078,76237,841,434,JUC0100047904.hg.1,1,,,junction,154.22223,150.77777,174.44444,134.66667,142.77777,154.44444,143.44444,134.66667,157.55556,7.27819136699873,7.245816702385758,7.454870440476329,7.083922537633,7.1676968325014165,7.280255229987073,7.174370889539828,7.083922537633,7.308844633460065,7.17729153337383,0.09851738544730641,7.326292836620272,0.11252190847663568,7.189046020210964,0.1131768832092982,0.011754486837133982,0.14900130324644234,-0.13724681640930836,,
1323391,23153078,76238,2150,493,JUC0100047904.hg.1,1,,,junction,458.1111,195.44444,200.33333,227.11111,153.22223,135.88889,640.8889,742.55554,759.1111,8.842699548078013,7.617977545497887,7.653442202157268,7.833592932111764,7.2688669145762335,7.0968615035159335,9.326179838867255,9.538296702279508,9.57006646175522,7.399773783401311,0.38541634072701536,8.03803976524439,0.6970813869630883,9.478181000967327,0.13259183370070576,2.078407217566016,0.6382659818430794,1.4401412357229368,,
2081109,23153078,76239,1428,776,JUC0100047904.hg.1,1,,,junction,218.55556,257.77777,208.22223,298.55554,175.88889,209.77777,241.44444,257.66666,298.33334,7.778442241282942,8.015569884960431,7.7088923299351215,8.226679714416758,7.466699591445835,7.719578915551073,7.921510374792486,8.014950284729426,8.225609183048451,7.804319407137888,0.38701183446182386,7.834301485392832,0.16078859428912132,8.054023280856788,0.15576920608853073,0.24970387371889924,0.029982078254943367,0.21972179546395587,,
4414700,23153078,76240,739,1647,JUC0100047904.hg.1,1,,,junction,150.77777,180.77777,169.88889,180.77777,139.77777,186.66667,162.0,246.88889,211.0,7.245816702385758,7.506031977676014,7.416914757893013,7.506031977676014,7.137275738199587,7.552028650459924,7.348728154231077,7.953549777067377,7.727920454563199,7.398445455445175,0.22734585850945896,7.3895878126515955,0.13224246226445766,7.676732795287218,0.3056426527976738,0.2782873398420431,-0.008857642793579146,0.28714498263562227,,
344791,23153079,76241,1750,128,JUC0100047905.hg.1,1,,,junction,10254.889,9323.556,9361.889,113.111115,56.22222,115.77778,11038.889,10251.0,10660.777,13.32416488618528,13.186819264021727,13.192737988577703,6.834295507745949,5.838503599255667,6.867621962992644,13.430438003355416,13.323617763291578,13.380160338404135,6.5134736899980865,0.5847787023331564,13.23457404626157,0.07764436086264878,13.378072035017041,0.05344073053487764,6.864598345018955,6.721100356263484,0.14349798875547037,,
2488321,23153079,76242,1280,928,JUC0100047905.hg.1,1,,,junction,8692.333,7779.222,7244.222,152.55556,51.666668,57.77778,9718.333,9678.0,10028.223,13.085693694375738,12.925595637309339,12.822814214018132,7.262616914874875,5.7188182822878755,5.877198931478688,13.246641596503599,13.24064228571925,13.291922169603886,6.286211376213813,0.8492920224843308,12.944701181901069,0.13247706093464331,13.259735350608912,0.028035538522261892,6.973523974395099,6.658489805687256,0.31503416870784307,,
3836950,23153079,76243,1869,1431,JUC0100047905.hg.1,1,,,junction,10138.0,8601.111,8346.777,97.77778,74.44444,54.11111,9601.777,10387.223,10267.777,13.307627747257134,13.070475087357638,13.027176405362088,6.626114619768661,6.2373427303815365,5.784271297848908,13.229236011387664,13.342661221052799,13.32597679634525,6.215909549333035,0.42133072591803056,13.135093079992288,0.15097964273961492,13.299291342928571,0.061240547147582175,7.083381793595536,6.919183530659253,0.16419826293628326,,
5546211,23153079,76244,1290,2069,JUC0100047905.hg.1,1,,,junction,10984.777,9605.556,9309.889,134.22223,98.111115,95.22222,10266.0,10708.444,10394.111,13.423349336729405,13.22980354426825,13.184703156132656,7.07918852362566,6.630974947836241,6.588298200574378,13.325727069736166,13.386596006735276,13.343617588604202,6.766153890678759,0.27193443558579294,13.279285345710102,0.12678460625723584,13.351980221691882,0.03128429473345663,6.585826331013123,6.513131455031343,0.07269487598177982,,
688354,23153080,76245,2273,256,JUC0100047906.hg.1,1,,,junction,4050.111,2035.7778,1772.8889,107.111115,114.888885,85.77778,5085.5557,5644.222,5976.778,11.984101929823721,10.992072907034114,10.792699953077184,6.756371038588088,6.856598398865028,6.439253750792996,12.312473357779126,12.462814644104938,12.545393563982735,6.684074396082038,0.217862897728888,11.256291596645006,0.6381365876547604,12.440227188622266,0.11809149196012886,5.756152792540228,4.572217200562968,1.18393559197726,,
3210901,23153080,76246,260,1198,JUC0100047906.hg.1,1,,,junction,3164.111,1262.5555,1254.7778,102.22222,78.0,66.0,4095.5557,4531.5557,4904.1113,11.62804041859724,10.303273366748913,10.294365534737327,6.6896097730922355,6.303780748177103,6.066089190457772,12.000195702982431,12.14610902239739,12.260070165390225,6.353159903909037,0.314679527468509,10.741893106694496,0.7674390081056182,12.135458296923348,0.13026420274878858,5.782298393014311,4.388733202785459,1.393565190228852,,
4724262,23153080,76247,2101,1762,JUC0100047906.hg.1,1,,,junction,5813.222,2842.0,3059.0,78.0,94.333336,97.55556,5860.8887,6632.222,7613.222,12.50537048418972,11.473198383677527,11.579315937580015,6.303780748177103,6.574908874542861,6.622865317676991,12.517149853498308,12.695494131848864,12.894480950169122,6.500518313465652,0.17205873214187287,11.85262826848242,0.5677759539963083,12.702374978505432,0.18875963198399462,6.20185666503978,5.3521099550167675,0.8497467100230125,,
6869259,23153080,76248,418,2563,JUC0100047906.hg.1,1,,,junction,4982.778,2325.2222,2454.5557,105.111115,87.666664,107.55556,6022.778,5948.778,6450.5557,12.283024041673526,11.183773173958372,11.261833811474153,6.729431967582953,6.470319893400748,6.762289773058089,12.556452846415391,12.53862008306403,12.655431364301315,6.65401387801393,0.15992973092099358,11.576210342368684,0.6133616958419313,12.583501431260245,0.062928040750177,5.929487553246315,4.922196464354754,1.0072910888915612,,
1654765,23153081,76249,1204,617,JUC0100047907.hg.1,1,,,junction,29.333334,28.0,48.444443,32.666668,37.22222,32.555557,4986.5557,4913.6665,5014.3335,4.922832169716248,4.857980995127572,5.62773647494228,5.07324903652019,5.256339721263013,5.068479810776074,12.284117227414372,12.262877807131414,12.292129921125406,5.132689522853092,0.10711076068098482,5.136183213262034,0.42693076196585966,12.279708318557065,0.015116229730439393,7.147018795703972,0.003493690408941319,7.143525105295031,,
1673068,23153081,76250,747,624,JUC0100047907.hg.1,1,,,junction,25.333334,36.77778,36.333332,30.777779,28.88889,29.333334,6255.5557,6546.3335,6489.0,4.7188182822878755,5.239465967068594,5.222392372198547,4.989946373821705,4.901537381573214,4.922832169716248,12.611152933206911,12.676691750820359,12.6640027628865,4.938105308370389,0.046140969331602576,5.060225540518339,0.29579057437615947,12.650615815637925,0.03475977446732522,7.712510507267536,0.12212023214795042,7.590390275119586,,
5733703,23153081,76251,1182,2139,JUC0100047907.hg.1,1,,,junction,27.11111,33.444443,46.555557,40.22222,35.22222,32.333332,4518.222,4827.1113,5262.222,4.813068551499251,5.106199332819732,5.571542036392898,5.365350345510325,5.178803119025299,5.058893634019119,12.141858767262534,12.237243227259187,12.36173057895351,5.201015699518248,0.1544311434057838,5.163603306903961,0.3824812662107455,12.246944191158411,0.11025645069336598,7.045928491640163,-0.03741239261428664,7.08334088425445,,
6482956,23153081,76252,35,2419,JUC0100047907.hg.1,1,,,junction,32.11111,27.777779,41.77778,43.0,41.555557,29.88889,4580.4443,3459.4443,4968.4443,5.049243500551913,4.846883328741884,5.418789662729274,5.459431618637297,5.411275637959874,4.949016091077759,12.16158677551768,11.756741582667305,12.278868828883327,5.2732411158916435,0.2818175822325926,5.104972164007691,0.2899973735426745,12.065732395689437,0.27394390285143166,6.792491279797794,-0.1682689518839524,6.960760231681746,,
233425,23153082,76253,264,87,JUC0100047908.hg.1,1,,,junction,109.333336,125.333336,107.22222,146.11111,80.77778,129.77777,8389.444,9035.889,9478.444,6.785724939339504,6.981091566491861,6.757852949339322,7.200762438618348,6.353636969569713,7.030973528782946,13.03453149869778,13.141610434484065,13.210586778671434,6.861790978990335,0.44818795325562255,6.841556485056896,0.12164185615954468,13.12890957061776,0.08871217142457571,6.267118591627424,-0.020234493933439346,6.287353085560864,,
2637153,23153082,76254,32,984,JUC0100047908.hg.1,1,,,junction,293.22223,200.88889,164.33333,206.66667,145.22223,188.77777,7162.4443,7762.6665,8279.556,8.200762438618348,7.657417678560896,7.369233765283099,7.698125887637964,7.192018839204111,7.5681672066236585,12.806437717340726,12.922522431629913,13.015511867228403,7.486103977821911,0.26284380582321637,7.7424712941541145,0.42223876158967116,12.91482400539968,0.10474945996343094,5.428720027577769,0.2563673163322031,5.172352711245566,,
2781632,23153082,76255,2471,1037,JUC0100047908.hg.1,1,,,junction,813.3333,407.44446,363.77777,107.55556,87.111115,101.44444,6526.1113,6696.222,7565.3335,9.669475611502254,8.673996097754838,8.510874006309127,6.762289773058089,6.461252109781915,6.678697915110909,12.672228931159394,12.709347112247823,12.885378651130948,6.634079932650304,0.15539945928746296,8.951448571855407,0.6271557433583921,12.755651564846055,0.11386956366301047,6.12157163219575,2.3173686392051023,3.804202992990648,,
5986957,23153082,76256,2516,2233,JUC0100047908.hg.1,1,,,junction,613.55554,321.0,248.77777,122.666664,107.55556,113.111115,6594.1113,8261.223,8997.777,9.263399593433036,8.330916878114618,7.9645012796081875,6.950312846231481,6.762289773058089,6.834295507745949,12.687181297615517,13.012314224151613,13.135513281667253,6.848966042345173,0.09486615545315384,8.519605917051948,0.6696916249107332,12.945002934478127,0.23162145684083835,6.096036892132955,1.670639874706775,4.42539701742618,,
138642,23153083,76257,1961,51,JUC0100047909.hg.1,1,,,junction,2937.6667,2065.2222,1684.8889,78.333336,83.22222,80.666664,88.333336,79.888885,95.333336,11.520946047802413,11.012779671195336,10.719293764243934,6.309855308834222,6.396129022207817,6.351675393355333,6.4811267308071,6.337869578278967,6.589963219865646,6.352553241465791,0.043143555344872624,11.084339827747229,0.4055887546985608,6.469653176317237,0.12643786170124058,0.11709993485144654,4.731786586281438,-4.614686651429992,,
3513725,23153083,76258,244,1311,JUC0100047909.hg.1,1,,,junction,4464.1113,2448.5557,1702.7778,157.22223,142.0,128.55556,166.0,167.0,232.22223,12.124480431012294,11.258304360669245,10.73452150900321,7.305808491360543,7.159871336778389,7.017427090637926,7.383704292474052,7.392317422778761,7.865561491800826,7.161035639592286,0.14419422586035302,11.372435433561582,0.7019728467453931,7.547194402351213,0.2757476187329186,0.38615876275892713,4.211399793969297,-3.8252410312103695,,
5875404,23153083,76259,843,2192,JUC0100047909.hg.1,1,,,junction,3199.3333,1499.0,1517.7778,61.666668,55.88889,66.888885,53.88889,112.111115,116.888885,11.64400642599576,10.550746785383243,10.568695131415437,5.969626380230124,5.830075009306603,6.085103496318218,5.778442241282942,6.821596887882458,6.881283897976167,5.961601628618315,0.12770348380401264,10.921149447598147,0.6260768277096023,6.493774342380522,0.6202141935968497,0.5321727137622076,4.959547818979832,-4.4273751052176245,,
6676167,23153083,76260,286,2491,JUC0100047909.hg.1,1,,,junction,3924.7778,1687.5555,1924.6666,126.333336,126.22222,112.55556,190.33333,121.888885,172.33333,11.93876281465006,10.72157391964195,10.911142248134247,6.99246635612844,6.9912068719289895,6.827254501035211,7.579944387602999,6.941210628984475,7.437405269973107,6.936975909697547,0.09502361398225015,11.190492994142085,0.6549158961302726,7.319520095520194,0.33528777097678647,0.38254418582264726,4.253517084444538,-3.8709728986218908,,
2255580,23153084,76261,1699,841,JUC0100047910.hg.1,1,,,junction,25.666666,28.11111,28.11111,22.666666,30.0,27.777779,32.11111,31.0,27.777779,4.736965559769676,4.863497979089623,4.863497979089623,4.564784580026871,4.954196310386875,4.846883328741884,5.049243500551913,5.0,4.846883328741884,4.788621406385211,0.20113729796587795,4.821320505982974,0.07305352635558643,4.9653756097646,0.10552983503789862,0.17675420337938874,0.03269909959776296,0.14405510378162578,,
2489185,23153084,76262,2144,928,JUC0100047910.hg.1,1,,,junction,36.22222,38.666668,28.88889,33.77778,31.222221,26.222221,49.333332,49.11111,59.77778,5.218092251046435,5.309855308834222,4.901537381573214,5.120093880656087,5.009984050617829,4.766712892634177,5.653442202157268,5.647058609610308,5.925472041472529,4.965596941302699,0.18082364966687958,5.143161647151291,0.21422378248166024,5.741990951080035,0.1589313388295877,0.7763940097773361,0.1775647058485923,0.5988293039287438,,
3359916,23153084,76263,1875,1253,JUC0100047910.hg.1,1,,,junction,31.555555,30.666666,30.0,28.0,39.77778,30.333334,36.22222,28.555555,26.88889,5.024831843588391,4.984893078644292,4.954196310386875,4.857980995127572,5.349711281392425,4.969626380230124,5.218092251046435,4.885357423714056,4.801618574434534,5.059106218916707,0.2577879938167434,4.98797374420652,0.035418392296875045,4.968356083065008,0.22029335877007294,-0.09075013585169867,-0.07113247471018713,-0.019617661141511533,,
6067649,23153084,76264,128,2264,JUC0100047910.hg.1,1,,,junction,28.88889,30.11111,28.666666,27.333334,37.88889,28.222221,35.22222,25.666666,31.777779,4.901537381573214,4.959357995847494,4.890770899327012,4.82442846778975,5.281286126114145,4.868993945998698,5.178803119025299,4.736965559769676,5.034646180118381,4.991569513300864,0.2518894743076777,4.91722209224924,0.03688570270471291,4.983471619637785,0.22532029185701027,-0.008097893663078892,-0.07434742105162417,0.06624952738854528,,
319359,23153085,76265,438,119,JUC0100047911.hg.1,1,,,junction,172.11111,127.77778,129.33333,131.88889,159.66667,123.333336,242.44444,236.0,221.66667,7.43555454487838,7.008739859061044,7.026062240284969,7.054076635943452,7.327926881180546,6.958069349043169,7.927448757500544,7.888743248898259,7.798741824707655,7.113357622055722,0.1919227058102302,7.156785548074797,0.241576346952622,7.871644610368819,0.06603515137340618,0.7582869883130972,0.04342792601907508,0.7148590622940221,,
1993010,23153085,76266,1769,743,JUC0100047911.hg.1,1,,,junction,139.44444,148.66667,140.0,140.88889,174.88889,98.111115,145.0,179.33333,128.33333,7.133855729318825,7.2256091830484515,7.139551352398794,7.148617773783075,7.458520510882134,6.630974947836241,7.189824558880018,7.494522242414754,7.014950284729426,7.079371077500483,0.4180959739566697,7.166338754922023,0.05140863515290804,7.233099028674733,0.24269698278212043,0.15372795117425042,0.08696767742154066,0.06676027375270976,,
2300971,23153085,76267,1530,858,JUC0100047911.hg.1,1,,,junction,287.22223,194.0,209.55556,162.55556,124.44444,114.333336,556.0,424.44446,416.0,8.171037796755076,7.60733031374961,7.718057143232912,7.353636969569713,6.970904749832212,6.8496657587273875,9.121533517340032,8.73282698940164,8.703903573444663,7.058069159376437,0.2630493700008899,7.832141751245866,0.2986687210576151,8.852754693395445,0.23321810210279856,1.794685534019008,0.7740725918694293,1.0206129421495787,,
6718985,23153085,76268,224,2507,JUC0100047911.hg.1,1,,,junction,180.55556,135.44444,138.11111,134.22223,133.22223,133.0,222.55556,173.11111,141.33333,7.504267280175696,7.092169826001337,7.120093880656087,7.07918852362566,7.068479810776074,7.066089190457772,7.804489599304457,7.443864491126987,7.153129707344815,7.071252508286502,0.006975960218786121,7.238843662277707,0.2302872356658828,7.467161265925419,0.32630427824413505,0.3959087576389173,0.1675911539912045,0.2283176036477128,,
657313,23153086,76269,712,245,JUC0100047912.hg.1,1,,,junction,163.66667,199.11111,160.55556,100.888885,117.22222,120.0,1421.8889,1619.4445,1768.4445,7.363404775425827,7.644657488910137,7.3358865676174325,6.670852874140136,6.885357423714056,6.918863237274595,10.474607320687463,10.6621738566724,10.78908076164744,6.825024511709596,0.1345634804050673,7.447982943984466,0.17087998831500564,10.641953979669102,0.1582087824263353,3.8169294679595067,0.6229584322748707,3.193971035684636,,
836687,23153086,76270,526,312,JUC0100047912.hg.1,1,,,junction,63.555557,84.44444,116.333336,79.44444,83.333336,87.333336,3474.6667,3656.6667,3706.6667,6.012469389851681,6.416914757893013,6.874469149185714,6.3299208552351205,6.398031117478646,6.464886090264837,11.763074045759053,11.836707921027672,11.856295862350926,6.397612687659534,0.06748359044458004,6.434617765643469,0.4312724702963803,11.818692609712551,0.04915272478212956,5.421079922053017,0.0370050779839346,5.384074844069082,,
4674632,23153086,76271,711,1744,JUC0100047912.hg.1,1,,,junction,380.1111,403.22223,477.77777,360.66666,334.66666,400.8889,436.66666,352.8889,405.77777,8.574067872453885,8.659004850413439,8.903212361232907,8.49851678603229,8.39088542356412,8.650652869041066,8.773688666639698,8.467152641877941,8.66809703281003,8.51335169287916,0.13051757459541985,8.71209502803341,0.17087407305729857,8.636312780442557,0.1557201420597364,0.12296108756339663,0.19874333515424958,-0.07578224759085295,,
6677450,23153086,76272,1569,2491,JUC0100047912.hg.1,1,,,junction,106.22222,230.11111,219.44444,142.33333,161.77777,183.55556,558.1111,775.44446,703.6667,6.7444601193070275,7.852442832753238,7.784271297848908,7.163230297673468,7.346759887761414,7.527911369773393,9.126991135440857,9.600738916676255,9.460797202314845,7.3459671850694255,0.1823418283613393,7.460391416636391,0.6209509291518793,9.396175751477317,0.24339512934244525,2.0502085664078917,0.11442423156696524,1.9357843348409265,,
1250054,23153087,76273,1173,466,JUC0100047913.hg.1,1,,,junction,128.0,98.0,126.77778,109.0,107.888885,54.666668,93.55556,82.666664,88.55556,7.011227255423254,6.6293566200796095,6.997493153960634,6.78135971352466,6.766712892634177,5.798741824707655,6.563090346111781,6.3865810093774655,6.484711054398036,6.448938143622164,0.5631341511469831,6.879359009821165,0.21661729511540198,6.478127469962428,0.08843864639744647,0.029189326340263833,0.4304208661990012,-0.4012315398587374,,
1640218,23153087,76274,57,612,JUC0100047913.hg.1,1,,,junction,62.666668,57.11111,41.88889,56.444443,66.888885,76.0,301.77777,503.0,292.1111,5.99246635612844,5.86074212428179,5.422532050083397,5.844095426292777,6.085103496318218,6.266786540694901,8.242115480795533,8.977279923499916,8.195303864498982,6.065328487768632,0.21203828138093236,5.7585801768312095,0.2983857837296083,8.471566422931476,0.4385857274786336,2.406237935162844,-0.3067483109374223,2.7129862461002663,,
2978261,23153087,76275,780,1111,JUC0100047913.hg.1,1,,,junction,61.11111,67.55556,61.88889,90.44444,57.77778,78.77778,116.55556,76.44444,120.0,5.956779461555717,6.09920171338584,5.974733251112971,6.5148235922311,5.877198931478688,6.3179150477106685,6.877198931478688,6.275089812842496,6.918863237274595,6.236645857140151,0.3264886108302975,6.010238142018177,0.07756592301219407,6.690383993865258,0.36025813132792667,0.4537381367251072,-0.2264077151219741,0.6801458518470813,,
6236554,23153087,76276,193,2327,JUC0100047913.hg.1,1,,,junction,71.55556,53.333332,52.22222,33.444443,85.22222,54.333332,1769.7778,1774.3334,2097.0,6.181014213815878,5.763765619746456,5.733956821314975,5.106199332819732,6.429987826560679,5.790076897472486,10.790167502549352,10.793874245555592,11.034798962577268,5.775421352284298,0.6620159233687689,5.8929122182924365,0.2499484166471635,10.872946903560738,0.14018024733123585,5.09752555127644,0.11749086600813818,4.9800346852683015,,
